name,address,city,price_level,cuisine,description,phone,url
同,中正區館前路22號2樓 (正旅館藍),Taipei,$$,"粵菜, 時尚菜",由經驗豐富的港籍主廚領軍，運用時令食材，融合個人創意與異國醬料，為經典粵菜增添趣味。依據午、晚時段提供兩種價位的套餐，亦有些許小炒可以加點。千錘百鍊黑叉燒使用臺灣五花肉，經過捶打將肉質軟化，再以馬來西亞黑醬油製成叉燒醬，色澤烏黑透亮，味道香甜不膩口。調酒飲品選擇多樣，呼應各種美食。,+886 976 684 366,https://guide.michelin.com/tw/zh_TW/taipei-region/taipei/restaurant/junto
鮨 嘉仁,中山區吉林路28號,Taipei,$$$$,壽司,吧檯以臺灣檜木製成，搭配日本漆器餐具，在柔和光影中感受空間的簡約與雅致。日籍料理長經驗豐富，每周從日本豐洲市場進貨兩次，確保食材的新鮮和多元。菜單以江戶前風格為基礎，依據魚貨的熟成狀態設計菜色，與粒粒分明的醋飯達致絕妙平衡。如果在春夏之際到訪，不要錯過招牌的小肌魚。,+886 2 2581 8999,https://guide.michelin.com/tw/zh_TW/taipei-region/taipei/restaurant/sushi-kajin
天婦羅 杉村,中山區樂群二路199號2樓 (中城廣場),Taipei,$$$$,天婦羅,這天婦羅店秉承其日本姊妹店的料理手法，輕盈的麵衣選用日本進口的麵粉，炸油則以玉米油及白胡麻油製成，讓其增添堅果奶油般的香氣。為了確保食材新鮮，餐廳每天進貨兩次，並因應食材調整菜單。搭配天婦羅的佐料，除了醬汁、海藻鹽，還有店家自製的咖喱鹽，別具特色。如在五、六月前往，將品嚐到招牌香魚料理。,+886 2 8501 1157,https://guide.michelin.com/tw/zh_TW/taipei-region/taipei/restaurant/tempura-sugimura
鯷魚,前鎮區林森三路116號,Kaohsiung,$$,時尚歐陸菜,食材由主廚每日於市場及前鎮漁港採買而來，菜色以魚肉料理為主軸，配合發酵、醃漬等技法，呈現獨特風味。僅提供套餐，當中固定保留招牌的螺肉藥膳湯，將當歸、川芎、瑤柱、花菇等食材與魚高湯一同熬煮，並重複澄清，味道溫潤鮮美，搭配野薑花的香氣，令人一試難忘。餐廳採取統一用餐時段，必須準時到達。,+886 965 829 037,https://guide.michelin.com/tw/zh_TW/kaohsiung-region/kaohsiung/restaurant/anchovy
白玉樓,前鎮區中華五路789號6樓 (夢時代),Kaohsiung,$$,臺灣菜,採用傳統卡座及圓桌，環境簡約雅致。餐廳傳承至第四代，主廚手藝來自父親，將六十年代的酒家菜延續至今。菜餚著重醬香風味，適合多人分享，另有個人套餐在平日供應，讓獨自用餐的客人也可嚐到不同菜餚。其中白菜滷選用金鉤蝦米、扁魚與雞骨等以小火慢燉至少三小時，最後加入干貝絲增添鮮味，是不能錯過的招牌菜。,+886 7 841 8555,https://guide.michelin.com/tw/zh_TW/kaohsiung-region/kaohsiung/restaurant/pale-jade-pavilion
山与,西屯區惠來路一段88號,Taichung,$$$$,粵菜,入口處設有天然石櫃台，牆壁刷上紅土漆，搭配藝術品點綴，風格別致大氣。來自香港的主廚擅長烹調粵菜，提供四種不同價位的套餐，包含經典手路菜、創意料理，還有以日本花菇、澳洲八頭乾鮑等珍貴食材入菜的菜色，並會按照時令，每季更新菜單。所有座位均為包廂，舒適且具有隱私。,+886 4 2251 5208,https://guide.michelin.com/tw/zh_TW/taichung-region/taichung/restaurant/shineyu
Lin,大安區仁愛路四段300巷25弄6號,Taipei,$$$,時尚法國菜,餐廳位於寧靜的巷弄裡，室內設有開放式廚房，讓客人觀賞整個烹調過程。主廚擁有多年精緻餐飲的經驗，菜單以傳統法餐為概念，當中融合臺灣食材與主廚的旅遊經驗。不妨加點傳統柑橘可麗餅，廚師會在席前現場製作，可麗餅煮至軟嫩，同時保有柑橘香氣，為用餐體驗畫下完美句號。,+886 2 2368 7868,https://guide.michelin.com/tw/zh_TW/taipei-region/taipei/restaurant/lin
明娟樓,西區館前路77號2樓 (勤美洲際酒店),Taichung,$$$,粵菜,環境精緻華美而氣氛愜意，不論是商務宴請或朋友聚會，都能盡興而歸。由經驗豐富的廚師掌杓，菜單保留粵菜的精髓之餘融入創意巧思，並大量採用臺灣時令水果與茶葉。如軟嫩多汁的烏龍茶香蜜汁叉燒，不僅有麥芽糖的香甜，還滲出蜂蜜鳳梨醬的果香，十分推薦，惟每日限量製作，須提前預留。也別錯過濃椰芋香西米露。,+886 4 2324 6324,https://guide.michelin.com/tw/zh_TW/taichung-region/taichung/restaurant/ming-juan-lou
Yuu,大安區忠孝東路四段216巷33弄15號,Taipei,$$$$,創新菜,餐廳以木牆面配上黑色吧檯，形成沉穩的空間氛圍。主廚曾在日本深造多年，將其自身經驗結合不同國家的料理風格，運用直火方式呈現菜餚。午、晚餐各提供不同價位的套餐，並根據當天的食材更換菜單內容。招牌牛肉的產地包括美國、澳洲、日本的佐賀和近江，經過主廚的巧手匠心，展現出各自的風味和特色。,+886 2 2711 2080,https://guide.michelin.com/tw/zh_TW/taipei-region/taipei/restaurant/yuu
AJIMI,大安區四維路52巷19弄5號,Taipei,$$$$,日本菜,這家在福岡發源的餐廳，菜單採用無菜單料理形式，主廚將臺灣時令食材融入精緻的割烹料理之中。不要錯過烤味噌烏魚子，賣相雖簡單，一口咬下卻是外脆內軟、鮮香洋溢，是主廚得意之作。提供清酒搭配，令餐飲體驗更圓滿。店內提供12個板前座位，亦設有日式茶室，整體氣氛平和寧靜。,+886 2 2703 1881,https://guide.michelin.com/tw/zh_TW/taipei-region/taipei/restaurant/ajimi
元一,大安區忠孝東路四段216巷27弄11號,Taipei,$$$$,天婦羅,餐廳主打精緻而正宗的天婦羅料理，採用優質時令食材，配合日本傳統技巧，使天婦羅的外層金黃酥脆，呈現上佳的風味和口感。菜單為無菜單料理形式，每一道天婦羅的配菜皆經廚師精心搭配。用餐環境優雅寧靜，設有兩個房間，各設八個座位，讓客人近距離欣賞猶如藝術饗宴的烹調過程。,+886 2 2778 3380,https://guide.michelin.com/tw/zh_TW/taipei-region/taipei/restaurant/motoichi
雲川水月,松山區富錦街120號,Taipei,$$,素食,餐廳擁有大片庭院，走過蜿蜒的礫石小徑進入室內，隨即沉浸在充滿圓弧元素的暖色空間，好讓客人放鬆心情享用美食。菜色以臺灣原型食材為框架，融入主廚的經驗，創造出蘊含亞洲風味的當代蔬食料理，味道優雅細緻，同時保留蔬菜的本真滋味。建議於中午到訪，欣賞自然光影灑落庭院內，甚是愜意。,+886 2 2514 0356,https://guide.michelin.com/tw/zh_TW/taipei-region/taipei/restaurant/clavius
蓮霧腳羊肉湯,新化區中正路361號,Tainan,$,小吃,傳承超過70年的老店，選用當日直送的溫體羊肉，亦提供羊肝、羊頭皮等特殊部位。僅在假日販售的羊皮卷充滿彈性與膠質，搭配秘製醬汁，深受老饕喜愛。羊肉湯採用熬煮至少四小時的當歸湯底，搭配口感軟嫩的羊肉片，令人回味。還有以羊油炒製的肉燥飯，羊油香與醬香互相交融，非常可口。為免向隅，建議提早前往。,+886 937 789 004,https://guide.michelin.com/tw/zh_TW/tainan-region/tainan/restaurant/lien-wu-chiao-lamb-soup
Bencotto,松山區敦化北路158號6樓 (文華東方酒店),Taipei,$$$,義大利菜,這家開立多年的義式餐廳，創造典雅而悠閒的用餐空間。主廚於義大利成長，工作經驗遍歷多國，累積了深厚的廚藝底蘊。提供單點菜餚及套餐，菜色依據時令調整，偶有限量供應的隱藏菜色，不妨向店員查詢。其中一道手切鳥巢麵用上熟成六個月的帕馬森起司與冬季黑松露、奶油醬，濃郁風味配上彈牙的麵體，令人印象深刻。,+886 2 2715 6868,https://guide.michelin.com/tw/zh_TW/taipei-region/taipei/restaurant/bencotto
川泰號虱目魚丸,中西區大同路一段222號,Tainan,$,小吃,老闆曾在魚丸店工作超過30年，其後創立本店，提供小吃和選擇多樣的湯品、丸類。招牌脆丸使用純虱目魚漿製作，經過長時間反覆捶打，特具脆度與彈性。綜合湯品包含數款店家自製的丸類，還有新鮮的虱目魚肚和魚皮，食用時蘸點帶黃豆醬香的豆瓣醬，更加美味。滷肉飯油脂豐盈，結合香菜香氣，滋味令人難忘。,+886 6 216 0928,https://guide.michelin.com/tw/zh_TW/tainan-region/tainan/restaurant/chuan-tai-hao-milkfish-ball
川雅,信義區松智路17號46樓 (微風南山),Taipei,$$$,川菜,餐廳高踞46樓，整片玻璃窗將臺北101與市內景色盡收眼底。主廚擁有30年廚齡，曾赴四川取經，將烹飪精髓糅合成三款套餐，當中橫跨川菜中的官府菜乃至家常美食，精巧呈現各類味型。川雅尋味套餐讓食客自行搭配菜色，不論是工序費時的開水白菜，還是潔白如雪的龍蝦雪花雞淖，其細緻滋味均令人難以忘懷。,+886 2 2722 0303,https://guide.michelin.com/tw/zh_TW/taipei-region/taipei/restaurant/chuan-ya
心宴,中山區明水路598號,Taipei,$$$$,"創新菜, 江浙菜",室內擺放了臺灣當代藝術家的畫作與雕塑，讓環境更顯活潑生氣。掌杓逾30年的主廚擅長烹調杭州與江浙料理，並不拘泥於傳統框架，不單將經典老菜與西式技術融會貫通，還採用客家醃菜、日本海藻、番紅花等特色食材，以十道菜套餐呈現，菜色風格自由奔放，饒富創意。精選茶品圍繞菜餚主題而設計，可進一步提升用餐體驗。,+886 2 8501 5980,https://guide.michelin.com/tw/zh_TW/taipei-region/taipei/restaurant/amaze
功夫上海手工魚丸,西區中美街380號,Taichung,$,小吃,門口以懷舊攤車作爐台，配上古典音樂，營造出獨特氛圍。店內的醬汁、魚丸及餛飩，都由老闆親力親為製作，不假他人之手。其中上海蔥油拌麵用上臺中水湳市場的生麵，口感極佳，僅以蔥段煮出自然鹹香，清爽且滋味十足，十分推薦。雪菜魚丸是另一招牌，湯底加入炒過的雪菜，搭配軟綿的旗魚魚丸，讓人回味。,+886 932 618 038,https://guide.michelin.com/tw/zh_TW/taichung-region/taichung/restaurant/kung-fu-shanghai-fish-ball
魚麗共同廚房,北區德化街417號,Taichung,$$,臺灣菜,餐廳以家常菜為發想，取用在地小農的新鮮食材，根據時令每月調整菜餚。廚房團隊傳承老師傅手藝，同時鑽研食譜，讓幾近失傳的經典老菜得以復刻。招牌雞肉飯選用臺灣冠軍米，雞腿肉鮮嫩多汁，拌以腴潤的雞油，香氣與風味俱佳。設有一人份量菜單。用餐空間明亮簡樸，兩側層架放上食譜選書、食材和醬料，佈局見匠心。,+886 4 2225 9811,https://guide.michelin.com/tw/zh_TW/taichung-region/taichung/restaurant/shoal-cuisine
東引釣客,西區向上路一段96-2號,Taichung,$$,海鮮,老闆是專業釣手，以其熱愛的海釣地點東引島為餐廳命名。菜單設計與熱炒店近似，以海釣海鮮料理為主，並有少量馬祖特色菜。每天新鮮送達的海鮮，除了來自東引，也有澎湖、屏東後壁湖、新竹南寮等地。推薦越菜中卷，將醃漬的高麗菜與中卷同炒，滋味十足。店家自製的冬瓜醬蒸魚也值得一試。,+886 4 2301 1931,https://guide.michelin.com/tw/zh_TW/taichung-region/taichung/restaurant/dongyin-fisherman
掬,大安區安和路一段135巷4號,Taipei,$$$$,日本菜,由擁有二十年日本料理經驗的主廚開設，餐廳以木質裝潢呈現傳統日式老屋格局，同時展示臺灣藝術家作品，與菜單的設計槪念互相呼應。套餐以割烹為基底，糅合在地食材和發酵技巧，提供十餘道菜色，除主菜招牌玉露鴨外，其他菜色均會根據季節調整。僅於晚餐營業，如想嘗試另一招牌乳鴿主菜，可於訂位時預留。,+886 2 2700 2701,https://guide.michelin.com/tw/zh_TW/taipei-region/taipei/restaurant/kiku-1216129
繭 小料理,中西區府前路二段206巷6號,Tainan,$$,創新菜,位於靜謐的巷弄內，推開白色木門，映入眼簾的是帶有日式風格的空間，板前座位配合黃銅吊燈，營造出自在的氛圍。僅於晚餐營業，設有晚餐套餐及宵夜單點。九道菜套餐採用主廚每日在市場選購的食材，以日式酒食的形式呈現，菜餚小巧精美，味道淡雅輕盈。不妨加點黑板上的酒餚，品嚐不同風味。,無法取得,https://guide.michelin.com/tw/zh_TW/tainan-region/tainan/restaurant/mayu-cocoon
啢啢餐桌,北區民德路85巷63號,Tainan,$$$,時尚歐陸菜,開業數年後，搬遷至巷弄的三層樓透天厝，庭園的白石子路及牆面用色，予人溫暖舒適的感覺。兩位主廚融合歐洲烹調手法和臺灣飲食文化，套餐固定保留一道澱粉主食，並根據當季新鮮食材調整菜單。設有開放式廚房，如想感受料理過程的臨場感，別忘了於訂位時查詢一樓的用餐座位。,+886 916 786 592,https://guide.michelin.com/tw/zh_TW/tainan-region/tainan/restaurant/liang-liang-table
江牛樓,大同區民樂街6號,Taipei,$,麵食,日籍主廚曾經營拉麵店，為向遊客傳達臺灣牛肉麵的美味，遂開設此店。店面由老宅改建，保留抿石子地磚與復古家具，配上吧檯設計，用餐氣氛輕鬆。相較於傳統紅燒牛肉麵，這裡的湯頭以昆布、海鹽及醬油調味，側重牛骨和醬油風味，並添加花椒增添香氣；牛肉則以昆布和醬汁浸泡，肉質軟嫩多汁，滋味甚是獨特。麵食限量供應，建議開店前抵達登記。,無法取得,https://guide.michelin.com/tw/zh_TW/taipei-region/taipei/restaurant/kou-gyu-rou
傳家鹹粥,安平區慶平路410號,Tainan,$,小吃,在這裡可品嚐鹹粥、虱目魚小吃、肉燥飯等街頭美食，空間帶有濃厚的懷舊氛圍，讓人彷彿回到昔日時光。招牌的虱目魚粥和滷魚肚，特選每日新鮮魚貨，後者的調味恰到好處，充分表現魚肉的鮮甜風味。店家自製的肉燥飯以肥肉為主，帶些許醬香，建議加點半熟蛋作搭配，帶來更濃郁滑順的口感。,+886 6 293 6960,https://guide.michelin.com/tw/zh_TW/tainan-region/tainan/restaurant/chuan-chia-congee
駄介,大安區四維路375之2號,Taipei,$$$,日本菜,主廚來自日本新潟縣，以日文提供體貼周到的服務。餐廳分為兩個區域，高腳吧檯提供單點的酒食料理，及板前座位呈現的無菜單料理，更為推薦後者，當中不乏主廚結合家鄉風味與臺灣食材的菜色。招牌餐點Das Burger，以店家自製的麵包搭配充滿肉汁的漢堡排；能平煮將小里芋等根莖食材煮至入味，充分展示傳統風味。,+886 2 2700 0375,https://guide.michelin.com/tw/zh_TW/taipei-region/taipei/restaurant/dasuke
fumée,中山區中山北路二段39巷3號B3 (晶華酒店),Taipei,$$$,雞肉串燒,大阪燒鳥名店於海外開立的第一間姊妹店，年輕的日籍主廚走訪臺灣各地，了解在地食材，特別選用竹地雞、黃皮文昌雞等不同雞種，且多使用自製的雞油燒烤，令香氣倍增。菜單也融入刺蔥、馬告等在地香料，讓客人透過精巧的菜餚，品嚐到雞肉的不同面貌與口感。建議加點雞白肝或是提燈等珍稀部位。,+886 2 2536 1600,https://guide.michelin.com/tw/zh_TW/taipei-region/taipei/restaurant/fumee
J Parc,三民區德興街1號,Kaohsiung,$$$,創新菜,主廚於美國進修後返臺，在2023年開設了這家餐廳。僅提供一款十道菜套餐，菜色不受菜系框架限制，糅合法、義、美式料理手法，以本地蔬食和日本海鮮入菜，並會每三個月更換菜單內容，將季節風味呈現其中。譬如在秋季用栗子粉代替麵粉，為麵包增添自然甜香。半開放式廚房提升了用餐體驗，建議預約板前座位。,+886 7 323 0600,https://guide.michelin.com/tw/zh_TW/kaohsiung-region/kaohsiung/restaurant/j-parc
永筵小館,前金區成功一路528號,Kaohsiung,$$,臺灣菜,前身為雲來坊家鄉小館，更名後遷至兩層樓的店面，落地窗有象徵一家團聚的玻璃彩繪，洋溢溫馨感覺。主廚傳承父親手藝，菜單選擇豐富，包括前菜、火鍋、肉類和鮮魚菜色，也可請店家推薦。招牌滑蛋蝦仁以類似蛋捲的形式呈現，條狀滑蛋結合飽滿彈牙的鮮蝦，不可錯過。菜餚現點現做，惟點餐後不可加點菜色。,+886 966 205 757,https://guide.michelin.com/tw/zh_TW/kaohsiung-region/kaohsiung/restaurant/yung-yen
蘇來傳,萬華區和平西路三段176巷4號,Taipei,$,小吃,開業至今已有70年，承傳三代，供應肉圓、芋粿和湯品。店面乾淨明亮，並將懷舊物件陳列其中。形似杯子的肉圓以每日現磨的在來米糊製成，並以油泡保留其彈性，內餡是豬胛心肉、香菇、栗子等，加上店家自製的黑醬，鹹甜交織，口味獨特。建議添加蒜泥或生辣醬，令味道更濃郁，也不妨搭配熱騰騰的四神湯。,+886 2 2302 6595,https://guide.michelin.com/tw/zh_TW/taipei-region/taipei/restaurant/su-lai-chuan
UNA-VERSE,南屯區五權西路二段268號,Taichung,$$,創新菜,老闆兼主廚Una曾在多間高級餐廳磨練廚藝，專注於法式甜點及現代菜餚。她本著對臺灣風味的熱愛，開設了這家甜點餐廳，以時令的天然食材，製作出一道道富藝術氣息的甜品。室內裝潢以奶茶色為主，營造溫馨、優雅的感覺。坐在U形吧檯座位，客人可觀賞料理的準備過程，全情投入愉悅的味覺之旅。,無法取得,https://guide.michelin.com/tw/zh_TW/taichung-region/taichung/restaurant/una-verse
繡球,西區中興街102號,Taichung,$,麵食,餐廳每個角落都蘊藏著巧思，以花窗玻璃、木造層架及極簡的灰色泥牆，營造出懷舊氛圍。老闆娘曾經營江浙私廚，故此處的麵食以川味和江浙風味為主，口味辛香，辣度相對溫和。不少客人為每日現做的小菜而來，品項依時令食材調整，其中冰糖㸆苦瓜值得推薦，不妨來碰碰運氣。每周僅營業三天，建議留意社群平台的公告。,+886 975 892 139,https://guide.michelin.com/tw/zh_TW/taichung-region/taichung/restaurant/ajisai
Aleisha,大安區忠孝東路三段217巷4弄16號,Taipei,$$$,地中海菜,主廚出生於阿根廷，在愛爾蘭長大，到過許多國家工作，造就他擅長打破料理的疆界。餐廳以時尚地中海美食為特色，如以法國或義大利技術烹調海鮮和肉類，再配上中東香料調味；烹調上強調保留食材原味，大量採用希臘菜常見的橄欖、茄子。提供兩款品嚐菜單，菜色名稱以多種語言呈現，體現地中海地區的多樣性。,+886 978 003 000,https://guide.michelin.com/tw/zh_TW/taipei-region/taipei/restaurant/aleisha
琥珀,信義區逸仙路32巷15號,Taipei,$$$$,日本菜,戶外小型日式庭院，加上室內的簡約原木裝潢、細緻的器皿，處處充滿細節。日籍料理長經驗豐富，親力親為烹調每道佳餚，特別注重風味的呈現。其單一季節性菜單使用大量九州漁獲，不論是炙燒胡麻豆腐或是椀物湯品，均風味淡雅，別具特色。主餐後以雙澱粉料理作結。精簡的酒單側重清酒選擇。,+886 2 8786 3320,https://guide.michelin.com/tw/zh_TW/taipei-region/taipei/restaurant/kohaku-1213377
仙桃素,鼓山區明倫路496號,Kaohsiung,$$,素食,主廚在臺北素食餐廳工作多年後，返鄉開設此店。擅長以不同烹飪技法詮釋蔬食的他，共設計三款套餐，透過發酵、烘烤、燉煮或炙燒等技法展現蔬食風味，並依季節調整菜單，每道菜均精緻如畫，建議嘗試較高價位的套餐。幸運者可能嚐到以猴頭菇末料理的素肉燥飯，其風味清爽、鹹香可口。用餐氣氛輕鬆，適合與親友共聚。,+886 7 522 7700,https://guide.michelin.com/tw/zh_TW/kaohsiung-region/kaohsiung/restaurant/xiantaosu
欣欣餐廳,中西區民族路二段245號,Tainan,$$,臺灣菜,年過七旬的主廚人稱「阿塗師」，從早期宮廟攤販做起，經歷數十年光陰，其經典臺菜地位屹立不倒。鮮紅色的招牌、深紅的桌布、經典的果雕擺盤，細節中充滿特色。菜單上共十八道佳餚，全都是經典臺灣老菜。推薦古早味爆炒豬肝，以及源自酒家菜、帶淡淡酒香的酢醋蝦。建議於訂位時預訂費工的菜色，以免撲空。,+886 6 222 2509,https://guide.michelin.com/tw/zh_TW/tainan-region/tainan/restaurant/hsin-hsin
ZEA,大安區仁愛路四段300巷20弄5號,Taipei,$$$$,拉丁美洲菜,阿根廷主廚以拉丁語的「玉米」為餐廳命名，因為此農作物是拉丁美洲和臺灣飲食文化的重要元素。單一套餐包含十二道菜色，採用大量在地食材，當中包括不少原產自南美洲的品種，細膩展現出南美風味。酒單以阿根廷和西班牙酒款為主，價格實惠。淺黃與橘紅色混搭的牆面，加上仙人掌盆栽和背景的拉丁美洲音樂，感覺猶如置身當地。,無法取得,https://guide.michelin.com/tw/zh_TW/taipei-region/taipei/restaurant/zea
大腕,中山區敬業二路199號5樓,Taipei,$$$,燒烤,這家日式燒肉餐廳於2021年底遷到現址，新店設計採用現代工業風格，裝潢廣用不鏽鋼素材與墨灰色調。空間寬敞，適合各類聚餐。主要供應來自日本宮崎的和牛，包含板腱、沙朗芯、翼板等部位。肉品油花豐富，並由專人在桌邊火爐為客人燒烤。當中，幻切牛舌為店內招牌，厚切的牛舌烤至五分熟後，呈現彈嫩口感。,+886 2 2711 0179,https://guide.michelin.com/tw/zh_TW/taipei-region/taipei/restaurant/da-wan-1200838
蟳之屋,新興區民生一路93號,Kaohsiung,$$,海鮮,創立於1976年，是高雄第一間以澎湖海鮮為主題的餐廳。三層高的紅磚瓦樓外，掛著顯眼的大型螃蟹裝飾，十分引人注目。用餐室明亮寬敞，設有各式包廂，適合各類宴請聚會。餐廳每天從澎湖進貨，建議向服務人員查詢時令海鮮種類。不要錯過招牌菜鹽酥蟳，也推薦以傳統手法製作、酥香鮮美的三絲蝦棗。,+886 7 226 6127,https://guide.michelin.com/tw/zh_TW/kaohsiung-region/kaohsiung/restaurant/crab-s-house
阿明豬心冬粉 (保安路),中西區保安路72號,Tainan,$,小吃,小店裝潢樸實，開業近七十個年頭，專注豬內臟料理，豬心湯是其招牌菜。看似簡單常見的食材，經巧手處理和烹調後成為細緻滋味。時至今日，店主依然採用鋁杯隔水加熱豬內臟，以保持其脆嫩口感。同時供應以中藥材燉煮的排骨和鴨腳翅，也是滋味豐富。經常未到營業時間已有排隊人潮，要有久候的預備。,+886 6 223 3741,https://guide.michelin.com/tw/zh_TW/tainan-region/tainan/restaurant/a-ming-zhu-xing-baoan-road
京華煙雲,西區五權七街57號,Taichung,$$,京菜,餐廳外觀恍如中國的深宅大院，室內採用雕花窗框與仿古家具，風格典雅。菜單圍繞北方菜系，品項豐富，當中包括風味濃厚的合菜戴帽，還配上優美盛盤。以甜麵醬結合羊肉烹製的它似蜜，味鮮且香，十分下飯。提供單人套餐以至十人宴席，菜式全不添加味精，另供應江浙菜、臺灣菜等，選擇應有盡有。,+886 4 2372 5066,https://guide.michelin.com/tw/zh_TW/taichung-region/taichung/restaurant/moment-in-beijing
一甲子餐飲,萬華區康定路79號,Taipei,$,小吃,位於艋舺祖師爺廟旁的臺南風味小店，至今已傳承了三代。老闆每天選用肥瘦均勻的五花肉，佐以自製小黃瓜、酸菜、滷豆乾，以及口感出眾的南部米，製作出招牌焢肉飯。此外，滷肉飯、刈包與麻豆碗粿也是店內熱門小吃，後者更限量供應。如果想嚐嚐北部口味，可以來一碗沙茶味道濃厚的豬血湯佐餐。,+886 2 2311 5241,https://guide.michelin.com/tw/zh_TW/taipei-region/taipei/restaurant/yi-jia-zi
金賞軒,松山區敦化北路155巷111號,Taipei,$$,臺灣菜,餐廳雖小，卻充滿格調。空間整潔明亮，除了有偌大的玻璃窗，更配以古典畫作、精緻餐具和輕快的音樂，帶來加倍雅致的用餐體驗。主廚料理臺菜逾二十年，除了經典菜色，亦推薦其私房料理，例如佐以蒜酥和香菜末的香根牛肉、烹調費時的三杯燜雞，以及多款海鮮美食。服務親切貼心，更可以依用餐人數調整份量。,+886 2 8770 6086,https://guide.michelin.com/tw/zh_TW/taipei-region/taipei/restaurant/jin-shang-hsuan
上海未名麵點,中區市府路69號,Taichung,$,麵食,開業逾七十載，經歴三代的傳承，堅持供應家庭風味的上海麵食。他們甚至與造麵廠合作，根據家傳配方，製作出獨家口味、不含化學添加劑的上海麵。推薦用新鮮豬肉烹調的豬排麵，佐以自由添加的醃蔥段，十分解膩。另有多款涼菜供外帶，如酸豆、黃瓜等。鮮製的烏梅汁帶天然甜酸味，更是不容錯過。,+886 4 2225 0377,https://guide.michelin.com/tw/zh_TW/taichung-region/taichung/restaurant/no-name-noodles
美福乾式熟成牛排館,內湖區民善街128號2樓,Taipei,$$$$,牛排屋,由臺灣最大肉品進口商經營，乾式熟成室耗資千萬建造，並由有乾式熟成教父美名的陳重光執掌。店內牛排來自美國內布拉斯加州，熟成28天，甚至可客製至128天，建議於訂位時預留喜好的天數和部位。除了單點牛排，另有乾式熟成21天的宜蘭櫻桃鴨胸、美國極黑豬肉、濕式牛排套餐。用餐後更可到訪樓下的肉品超市。,+886 2 2796 1566,https://guide.michelin.com/tw/zh_TW/taipei-region/taipei/restaurant/fresh-aged
貳哥食堂,鼓山區青海路145號,Kaohsiung,$$,臺灣菜,主廚遵循「老二哲學」，期望低調地站穩腳步，故以此取名。用餐空間小巧溫馨，菜單則提供口味健康的臺式家常菜，適合與朋友相聚。招牌菜為化骨醬燒秋刀魚，一如其名，魚骨燉煮至軟綿可食，鮮美魚肉伴以香甜醬汁，甚是下飯。而主食除了白飯，也可選豬油拌飯、肉燥飯，甚或現點現蒸的千絲芋香糕，其綿滑滋味，值得一試。,+886 7 554 1123,https://guide.michelin.com/tw/zh_TW/kaohsiung-region/kaohsiung/restaurant/erge-shih-tang
醉月樓,中區中山路20號2樓 (宮原眼科),Taichung,$$,臺灣菜,作為臺中著名景點宮原眼科內的餐廳，室內裝潢華麗，呼應這已存續百年歷史的日式磚瓦建築。菜單設計以臺灣料理為主軸，並融入臺灣不同地區的飲食元素，例如客家桔醬以及臺中的蔴芛。不妨嚐嚐各式各樣的甜點選項，特別是聞名遐邇的冰品。菜色分量精巧，味道細膩，適合小型聚會，建議提前訂位。,+886 4 2227 1926,https://guide.michelin.com/tw/zh_TW/taichung-region/taichung/restaurant/moon-pavilion
Papillon,前鎮區林森四路189號26樓 (承億酒店),Kaohsiung,$$$$,時尚法國菜,以蝴蝶的法文命名，寓意料理過程就像化繭成蝶，漫長卻值得等待。法籍廚師擁有多年經驗，所提供的單一套餐糅合異國元素與法式精緻風格，並不定期替換菜色，持續為客人帶來新鮮感。室內空間寬敞，餐室中央的吧台採用樹木造型，搭配手工陶瓷餐具，處處可見心思。,+886 7 331 8888,https://guide.michelin.com/tw/zh_TW/kaohsiung-region/kaohsiung/restaurant/papillon-1204917
葉家小卷米粉,中西區國華街二段142號,Tainan,$,小吃,創立於1935年，是臺南小卷米粉的先驅，已傳承至第三代。有別於臺灣米粉湯，小店使用糙米製成的粗米粉，帶有米香而且口感更佳。湯底以花枝熬煮，再以胡椒粉提味，香醇鮮美，並藏著甘甜的尾韻，充滿臺南特色。加上撈捕自印尼的爽脆小卷，叫人回味。用餐空間狹小卻乾淨，而且設有空調。假日須排隊等候。,+886 6 222 6142,https://guide.michelin.com/tw/zh_TW/tainan-region/tainan/restaurant/yeh-jia-calamari-rice-noodle-soup
巴黎廳1930x高山英紀,中山區民權東路二段41號2樓 (亞都麗緻大飯店),Taipei,$$$$,時尚法國菜,室內環境潔白，並帶有奢華雅致風格。行政主廚高山英紀精於融合法、日烹調技巧，風格細緻柔美。其中別要錯過季節鮮魚菜色。主廚設計菜單時，特意將臺灣各種茶葉廣泛融入套餐之中，為菜餚賦予新生命，例如招牌菜季節蔬果千層。菜色口味創新而獨特，尤其著重客人的五感體驗，適合約會與特殊紀念日造訪。,+886 2 2597 1234,https://guide.michelin.com/tw/zh_TW/taipei-region/taipei/restaurant/paris-1930-de-hideki-takayama
与玥樓,南屯區公益路二段783號,Taichung,$$,粵菜,餐室寬敞遼闊，裝潢以金色和黑色為主，氣派典雅。二樓設有包廂，同時用作大型宴會場地，適合商務宴客或親友聚餐。主廚來自香港，將傳統廣東料理以創新方式展現，午市亦供應多款粵式點心。招牌菜包括用龍眼木烤製的窯烤片皮鴨，建議預訂。此外可以嚐嚐來自澎湖的海鮮，如七星斑和野生七彩龍蝦。,+886 4 2382 9128,https://guide.michelin.com/tw/zh_TW/taichung-region/taichung/restaurant/yu-yue-lou
前金肉燥飯,前金區大同二路26號,Kaohsiung,$,小吃,創立於1959年，以肉燥飯為招牌，現在已傳承至第三代。雖然門面簡樸，但總是人潮不絕，餐點賣完便會關門，周末最好提前抵達。這裡的肉燥飯以豬背油製作，肥而不膩、入口即化，更可添加肉絲或魚鬆，令滋味更加豐富。建議搭配半熟的鴨蛋，以絲綢般的蛋黃液拌米飯同吃。滷豆腐軟嫩多汁，同樣值得一試。,+886 7 272 7263,https://guide.michelin.com/tw/zh_TW/kaohsiung-region/kaohsiung/restaurant/cianjin-brasied-pork-rice
渥達尼斯磨坊,中山區建國北路一段61號 (慕舍酒店),Taipei,$$$$,時尚西班牙菜,店面內鬥牛士和佛朗明哥舞者的畫作，盡顯西班牙的熱情風格。由兩位在本店受訓的主廚共同領軍，選取來自臺灣和日本的食材，融合西班牙料理及亞洲飲食文化，為賓客帶來豐富多樣、以海鮮為主軸的嚐味菜單。每道菜色的呈現皆猶如畫作，無論色彩或食材的運用，都遵循季節循環之變化，風味細緻，獨樹一格。,+886 2 2500 6832,https://guide.michelin.com/tw/zh_TW/taipei-region/taipei/restaurant/molino-de-urdaniz
好朋友涼麵,士林區大南路31號 (士林夜市),Taipei,$,街頭小吃,麻醬涼麵除了麻醬香，更滲出檸檬清香，與別不同；也可加上特製辣醬。別忘了配上一碗臺式味噌湯加蛋。,無法取得,https://guide.michelin.com/tw/zh_TW/taipei-region/taipei/restaurant/good-friend-cold-noodles
圓環邊蚵仔煎,大同區寧夏路46號 (寧夏夜市),Taipei,$,街頭小吃,創立於1965年，蚵仔煎選用每天從臺南直送的蚵仔，特調醬汁別有風味。蒸米糕也值得一試。,+886 2 2558 0198,https://guide.michelin.com/tw/zh_TW/taipei-region/taipei/restaurant/yuan-huan-pien-oyster-egg-omelette
無名推車燒餅,中正區中華路二段311巷74號攤 (南機場夜市),Taipei,$,街頭小吃,沒有招牌的推車停駐夜市尾段，常常人龍不斷。販售四款古早味餅食，推薦甜酥餅與長燒餅。,無法取得,https://guide.michelin.com/tw/zh_TW/taipei-region/taipei/restaurant/unnamed-clay-oven-roll
態芮,中山區樂群三路299號6樓,Taipei,$$$$,時尚臺灣菜,主廚何順凱兼具臺菜與法餐經驗，烹飪風格緊扣臺灣的風土民情。他透過廣泛運用在地食材，緊貼時令加以變化，將臺灣料理重新詮釋。單一套餐的概念取材自這片土地的飲食文化、經典美食，以及其兒時回憶，並多以諧音成語命名，使用餐過程增添趣味。以在地茶葉、時令水果和果乾構成的甜點，給饗宴畫下完美句點。,+886 2 8501 5500,https://guide.michelin.com/tw/zh_TW/taipei-region/taipei/restaurant/tairroir
驥園川菜,大安區敦化南路一段324號,Taipei,$$,川菜,饕客來到驥園，都是為了一嚐那招牌砂鍋雞湯！此菜做法耗時，先用老母雞熬製十小時成高湯，再放入新鮮土雞肉、火腿、干貝與豬腳熬煮兩小時，湯色乳白且味道香濃。菜單上除了常見川菜如乾煸四季豆、宮保雞丁外，廚師更以多種食材搭配不同料理手法，如豆酥、麻辣、京醬肉絲等，口味多元。餐廳人潮不絕，建議提前訂位。,+886 2 2708 3110,https://guide.michelin.com/tw/zh_TW/taipei-region/taipei/restaurant/gi-yuan
春蘭割包,新興區復興一路5號,Kaohsiung,$,小吃,創立於2000年，憑著極佳味道、充足的用料和份量，廣受在地食客好評。推薦綜合割包，其手工麵皮做得鬆軟，加上呈琥珀色澤的半肥瘦滷肉、爽脆的酸菜、特製醬汁和花生糖粉，滋味迷人。客人可自選肉餡的肥瘦比例，也有供應素食割包。同時提供薏仁漿、杏仁豆漿、紅茶等飲品，皆是不錯的搭餐飲品。,+886 7 201 7806,https://guide.michelin.com/tw/zh_TW/kaohsiung-region/kaohsiung/restaurant/chun-lan-gua-bao
波記食堂,苓雅區四維三路162號,Kaohsiung,$$,臺灣菜,餐廳由澳門移居高雄的主廚兼經營者開設，他擁有三十年掌廚經驗，擅於運用每日新鮮採購的食材，與其在澳門習得的烹飪技法相結合。菜色以臺菜為主軸，調味比較淡雅，其中季節性的菠菜番茄炒蛋色澤鮮艷，帶有胡椒辛香，滋味清爽。用餐環境氣氛輕鬆，適合朋友聚餐，亦歡迎客人自帶酒水，建議提前訂位。,+886 927 719 005,https://guide.michelin.com/tw/zh_TW/kaohsiung-region/kaohsiung/restaurant/paul-s-canteen
卉寓,西區昇平街22巷3號,Taichung,$$,時尚臺灣菜,英文名Huist是荷蘭語的「家」，餐廳的暖色調裝飾，營造恍如家居的舒適感覺。季節性菜單以臺灣家常料理為基礎，揉合西式烹飪技法，呈現道道暖心且現代的家庭菜餚。如不定期推出的糖燻旗魚，其靈感源自經典小吃鯊魚煙，廚師將軟嫩的糖燻魚片夾著彈牙的切片雞冠，口感富層次，令人回味。,+886 4 2301 0021,https://guide.michelin.com/tw/zh_TW/taichung-region/taichung/restaurant/huist
松竹園,士林區永公路546號,Taipei,$$,臺灣菜,屹立超過三十年，以自家飼養的土雞料理聞名，尤其是招牌白斬古早雞，皮滑肉嫩。古早味滷肉、清蒸羊肉也大受歡迎，秋冬更可點上一鍋雞湯，暖心也暖胃。也不妨試試檳榔花、川七、紅菜等野菜，或者以甜點手工芋泥捲作結。環境清幽，適合與親友規劃半日遊，造訪絹絲瀑布或冷水坑步道。周末宜提前訂位。,+886 2 2861 6261,https://guide.michelin.com/tw/zh_TW/taipei-region/taipei/restaurant/sung-chu-yuan
香色,中正區湖口街1-2號,Taipei,$$$,時尚歐陸菜,由古董傢俱經營者所建構的空間，走過入口的石路庭院，便是擺放著老件傢俱的餐室，斑駁的牆面搭配圓弧木窗框，在暖黃燈光映照下，整室氛圍既復古又獨特，適合情侶約會或朋友聚餐。年輕主廚將其於美、澳工作的經驗融入套餐之中，菜色運用各式歐陸技法，同時又加入南洋及其藏族妻子的家鄉風情，充滿新意。,+886 2 2358 1819,https://guide.michelin.com/tw/zh_TW/taipei-region/taipei/restaurant/xiang-se
HUGH dessert dining,大同區重慶北路3段136巷56號,Taipei,$$,創新菜,歷任西餐廳甜點師後，創辦人開設這家「盤式甜點」餐廳，提供設六至七道甜點的套餐。食材依四季變更，風味則講究起承轉合，依序以淡雅、清爽、酸甜、溫潤與厚實的口感呈現，各道甜品皆精美如藝術品，推薦額外加點每月變化的即興創作。裝潢以灰黑牆面搭配木桌椅，充滿個性。餐廳定期於社群網站公布下個月的營業日期，須提早規劃。,+886 2 2598 0223,https://guide.michelin.com/tw/zh_TW/taipei-region/taipei/restaurant/hugh
Ukai-tei,前鎮區中山二路199號3樓 (晶英國際行館),Kaohsiung,$$$$,鐵板燒,日本Ukai首間海外分店，環境簡約、帶藝術風格。不同於臺北店的無菜單料理，在這裡，客人可以挑選主餐的牛肉部位與份量。當中推薦充滿細膩油花的特選和牛臀肉。晚間限定的高雄Ukai套餐，採用產自高雄附近水域的海鮮，富在地色彩。飯後可在休憩區品嚐精緻甜點。服務無微不至，適合商務宴請及親友聚會。,+886 7 973 0122,https://guide.michelin.com/tw/zh_TW/kaohsiung-region/kaohsiung/restaurant/ukai-tei
咕嚕咕嚕原住民音樂餐廳,西區五權西四街13巷2號,Taichung,$$,臺灣菜,由排灣族老闆經營，漂流木設計的外觀，加上木雕和畫作，讓客人品嚐傳統排灣族料理的同時，也感受到濃厚人文氣息。主要供應炭烤菜色，食材來自部落耕種或老闆親採的野菜。推薦部落放山春雞，以特製香料料理，香氣四溢，多汁可口。特色料理如排灣月桃米粽、泰雅馬告香腸同樣值得一試。晚上有原住民族歌手駐唱，歌聲動人，氣氛熱絡。,+886 4 2378 3128,https://guide.michelin.com/tw/zh_TW/taichung-region/taichung/restaurant/gulu-gulu
黃家蝦捲,中西區西和路268號,Tainan,$,小吃,蝦捲是到訪臺南不能錯過的小吃。此店創立超過一甲子，曾四度搬遷，但依然顧客盈門。店家使用以特殊比例調配的太白粉漿，現點現炸，外皮輕薄酥脆；內餡包含火燒蝦和高麗菜，造成外酥內嫩的效果，配上解膩的薄蘿蔔片，恰到好處。用餐空間寬敞舒適。外帶者，店家會以粽葉包裹蝦捲，既傳統又環保。,+886 6 350 6209,https://guide.michelin.com/tw/zh_TW/tainan-region/tainan/restaurant/huang-chia-shrimp-roll
馨苑 (西區),西區民生北路106號,Taichung,$$,臺灣菜,膳馨旗下的品牌，提供份量小巧、減少油鹽的臺灣料理。熱門菜色包括以大甲芋頭與椰奶共同燉煮的芋奶鮮嫩雞骨球，以及適合配飯的菠蘿遇見櫻桃鴨。同時提供多款臺式小吃，如多汁可口、充滿鮮味的花枝槓上雞肉丸，適合搭配佐餐。餐廳著重品茶文化，建議點上一瓶冷泡茶，好好感受用餐環境的寧靜與悠閒。,+886 4 2302 9989,https://guide.michelin.com/tw/zh_TW/taichung-region/taichung/restaurant/shin-yuan
de nuit,大安區信義路四段175號,Taipei,$$$$,時尚法國菜,名字在法文中解作「夜晚」，室內設計也帶著夜幕的沉穩：光潔的玻璃窗景，加上墨黑色桌巾、絨面沙發和灰色座椅，令人放鬆心情，非常適合情侶或小型聚餐。廚房團隊年輕專業，致力保留法國料理的精髓，同時增添季節元素。菜色口味細緻，擺盤極具巧思。無論搭配餐酒或茶飲，都令美食生色不少。,+886 2 2700 1958,https://guide.michelin.com/tw/zh_TW/taipei-region/taipei/restaurant/de-nuit
膳馨 (西區),西區存中街21號,Taichung,$$,臺灣菜,菜單以臺菜為基礎，結合客家與四川料理元素，帶來口味充滿新意的自創菜色。此外，餐廳標榜健康理念，不僅減少油鹽烹調，也採用產銷履歷與可溯源的食材，如梨山高麗菜、臺南虱目魚肚等。若與三五知己同往，建議參考店家預定菜色，款式多樣且適合分享。用餐環境雅致，在庭園造景作伴下享用美食，誠然是賞心樂事。,+886 4 2372 1650,https://guide.michelin.com/tw/zh_TW/taichung-region/taichung/restaurant/shan-shin
揚梅吐氣,楠西區灣丘里1-5號,Tainan,$$,臺灣菜,經營者的家族為梅農，在1990年代創立本店，以梅子與自製梅醬入菜，藉以推廣梅子。其菜色味道酸甜中帶鹹香，適合配飯，其中尤以梅香肉、梅醬蛋豆腐與酸梅肥腸受客人歡迎。料理分量較大，適合多人共享。店家會向客人贈送梅子飲品，十分貼心。用餐環境簡樸，由綠意盎然的盆景圍繞，感覺悠閒自在。周末到訪建議提前訂位。,+886 6 575 1617,https://guide.michelin.com/tw/zh_TW/tainan-region/tainan/restaurant/plum-chang
滬舍餘味 (南屯),南屯區公益路二段537號,Taichung,$,點心,老闆來自上海，因為思鄉心切，經過三年的努力，終於研發出記憶中最地道口味的生煎包。此外，小店還提供小籠包、蒸餃和燒賣等上海點心。生煎包有鮮肉和翡翠兩種口味，前者選用肥瘦比例適中的豬絞肉，湯汁豐富；後者的餡料則以青江菜、豆乾和香菇為主，口感脆嫩，味道清新。,+886 4 2258 6111,https://guide.michelin.com/tw/zh_TW/taichung-region/taichung/restaurant/shanghai-food
原則,北區西華街34號,Tainan,$$$,時尚法國菜,主廚旅日學藝後返回出生地開店，以帶點東洋風的料理闡述其家鄉文化。餐廳名象徵他對每個細節的堅持。單一套餐以取材自臺南小吃的開胃小點作開場，其後各菜色則以在地食材與小農產品入菜，譬如以臺灣牛為主角的主菜。用餐環境雅致低調，服務團隊專業而具熱忱，適合約會或慶祝特殊節日。,+886 6 222 3244,https://guide.michelin.com/tw/zh_TW/tainan-region/tainan/restaurant/principe
昭明海產家庭料理,前金區自強一路53號,Kaohsiung,$$,臺灣菜,小店開業逾半世紀，接手的第二代繼續供應道地家常菜。招牌菜蒜仔肉以大火醬炒而成，火候十足，鹹香美味。每天進貨的新鮮海魚，不論紅燒或乾煎均出色。蛤蠣銀芽以綠豆芽搭配鮮美蛤蠣，值得一試。菜色均設有小中大三種份量。用餐之際，不妨來一瓶店家自製的黑糖仙草茶，清甜回甘。,+886 7 241 2550,https://guide.michelin.com/tw/zh_TW/kaohsiung-region/kaohsiung/restaurant/chao-ming
誠實鍋燒意麵,中西區西門路一段702巷12號,Tainan,$,麵食,小店原以路邊攤車方式經營，2020年才搬進民宅附近的巷弄之中。專營鍋燒意麵，店家以昆布熬煮湯底，顏色清澈，口味清爽。推薦用料十足的蛤蠣鍋燒，手工細意麵吸收了湯頭精髓，味道鮮甜，且帶嚼勁。客人更可選擇麵條軟硬度。由於客人眾多，須耐心等候座位，到訪前宜到社群媒體查看公休資訊。,+886 968 617 018,https://guide.michelin.com/tw/zh_TW/tainan-region/tainan/restaurant/cheng-shi
謝掌櫃,安平區運河路23巷5號,Tainan,$$,小吃,店家雖然於2018年才開業，但憑著古早美食和海鮮粥，大獲好評。虱目魚海鮮總匯粥為其招牌，採用典型南部飯湯風格，加入虱目魚魚皮、魚肉、魚丸、鮮蝦、蛤蠣和花枝等，鮮味無窮。此外，鹽蒸石斑魚味道甘甜，富含膠質的魚皮與鹹香醬汁搭配得天衣無縫，值得一試。餐點均現點現煮，絕不添加味精，值得耐心等待。,+886 6 221 3215,https://guide.michelin.com/tw/zh_TW/tainan-region/tainan/restaurant/xie-shopkeeper
廖記米糕,橋頭區橋南路119號,Kaohsiung,$,小吃,創立自1955年，現由第三代經營，數十年來僅販售米糕、四神湯和麵線三種食品。硐仔米糕為其招牌，以特製的陶瓦筒蒸煮，讓在來米粒粒分明且富彈性。上桌時，佐以肉燥醬汁、肉鬆與醬黃瓜，滋味樸實，令人回味。搭配清澈甘美的四神湯，便成為經典的在地組合。每日供應有限，建議提前到訪，以免向隅。,+886 7 612 8319,https://guide.michelin.com/tw/zh_TW/kaohsiung-region/kaohsiung/restaurant/liao-chi-migao
讚,士林區承德路四段192之1號B1,Taipei,$$$$,鐵板燒,用餐環境雅致，融合義大利彩色玻璃窗、中式古典桌椅及名貴餐具，彰顯對細節的講究。資深主廚曾於日本鐵板燒名店受訓，堅持採用有機蔬菜、現撈與野生漁獲。特別推薦美國原種極黑牛、昆布鹽燜鮑魚，以及澎湖野生明蝦佐法式醬。同時提供日本各等級之和牛，其中飛驒牛的風味尤其出色，須提前預訂。,+886 2 2880 1880,https://guide.michelin.com/tw/zh_TW/taipei-region/taipei/restaurant/zan-1188096
雙月食品 (青島東路),中正區青島東路6之2號,Taipei,$$,臺灣菜,雙月寓意團圓圓滿，所供應的古早味藥膳同樣令人滿足。老闆採用上等食材，並依照其母的傳統配方烹調。招牌雞湯先將湯熬好，再將每早新鮮運到的溫體仿土雞放入烹煮，以保持雞肉嫩滑。另一推薦是由嘉義縣東石產地直送的鮮蚵，其個頭飽滿，不論是料理成乾蚵或是湯品，均深受歡迎。雙月油飯一般很早售罄，欲品嚐建議提早到訪。,+886 2 3393 8953,https://guide.michelin.com/tw/zh_TW/taipei-region/taipei/restaurant/shuang-yue-food
雄記蔥抓餅,中正區羅斯福路四段108巷2號 (公館夜市),Taipei,$,街頭小吃,蔥抓餅餅皮外脆內嫩，搭配特製的蜂蜜芥末醬和九層塔，香味四溢，毫不油膩。,無法取得,https://guide.michelin.com/tw/zh_TW/taipei-region/taipei/restaurant/hsiung-chi-scallion-pancake
山內雞肉,中正區中華路二段307巷20之3號攤 (南機場夜市),Taipei,$,街頭小吃,皮爽肉嫰，份量頗多，十分超值。關門時間不定，若要點選雞腿，建議八時前到達。,+886 2 2305 0100,https://guide.michelin.com/tw/zh_TW/taipei-region/taipei/restaurant/shan-nei-chicken
Circum-,中山區中山北路二段39巷3號B2 (晶華酒店),Taipei,$$$,創新菜,餐廳名字是拉丁文的「圓」，寓意團圓美滿。裝潢以橘紅色為主題，在紅銅、石材、金屬等素材的襯托下，氛圍活潑輕快。主廚、副主廚分別具備中餐和法餐背景，從經典菜餚、成長過程的飲食經歷及海外見聞取得靈感，透過法式技巧創作菜色。飯後甜點以水果為主軸，結合古代詩詞，為用餐體驗增添文藝氣息。,+886 2 2581 6575,https://guide.michelin.com/tw/zh_TW/taipei-region/taipei/restaurant/circum
興蓬萊台菜 (中山北路),士林區中山北路七段55號,Taipei,$$,臺灣菜,餐廳於1987年開業，曾歷經兩次遷址，但傳承三代的好手藝與傳統菜餚依舊不變，深深擄獲顧客的胃，故至今仍是城中的熱門聚餐選擇。菜單結合臺式家常菜與酒家菜，風味濃郁且份量適合多人分享。白斬放山雞膠質豐厚，吃罷香氣於口腔縈繞。招牌佛跳牆也值得推薦。餐後提供臺式小冰棒供客人賞味。,+886 2 2877 1168,https://guide.michelin.com/tw/zh_TW/taipei-region/taipei/restaurant/shing-peng-lai
Set.,大同區承德路二段110號,Taipei,$$,創新菜,空間小巧，安坐後可以看到兩位主廚在廚房忙碌的身影，為餐廳增添溫馨氛圍。主廚從個人經驗、自然及四季等發掘靈感，將亞洲食材和風味完美融合西方美食，從中展示二人出色的烹飪技巧。其獨特之處，更在於活用烹調過程產生的廚餘到其他菜色之中。除了葡萄酒，也提供無酒精飲料選擇。,+886 935 391 095,https://guide.michelin.com/tw/zh_TW/taipei-region/taipei/restaurant/set
T+T,松山區敦化北路165巷11號,Taipei,$$$,時尚亞洲菜,設計簡潔時尚，設開放式廚房，氣氛慵懶自在如置身歐洲小酒館。T+T解作tapas tasting，但與西班牙料理無關，而是寓意精緻小巧的嚐鮮體驗。精緻套餐每數月變更，價格實惠。菜色融合味噌、人參、當歸等亞洲特色食材，並以米飯和麵食作搭配，貼近在地飲食文化。酒單多元有趣，單杯葡萄酒及烈酒選項近六十種。,+886 2 2719 9191,https://guide.michelin.com/tw/zh_TW/taipei-region/taipei/restaurant/t-t
AKIN,中山區建國北路一段92巷8號,Taipei,$$$$,創新菜,室內設計以岩洞為靈感，開放式廚房搭配大地色系的吧檯座位，感覺愜意自在。香港主廚雖於臺灣深耕多年，仍不忘出生地，將香港飲食元素融合到菜餚之中，每季推出一款菜單。招牌菜炸海膽酥的概念來自粵式點心蘿蔔絲酥餅，鮮味豐沛，外酥內嫩入口即化，紫蘇葉更添清香。酒單精簡，不妨請侍酒師建議餐酒搭配。,+886 2 2509 1070,https://guide.michelin.com/tw/zh_TW/taipei-region/taipei/restaurant/akin
Capstone Steakhouse,鼓山區明華路366號1樓 (水京棧國際酒店),Kaohsiung,$$$,牛排屋,教父牛排首次南下開設的分店，用餐室寬敞挑高，食客可透過落地玻璃一暼廚房內，加上一系列陳列於二樓的酒瓶，設計風格與臺北本店同出一轍。食物方面，提供以美國牛排為主的套餐。客人可挑選乾或濕式熟成牛排，以及開胃菜、湯品與配菜，選擇多元。餐廳設有各式包廂，適合商務聚會。,+886 7 555 9682,https://guide.michelin.com/tw/zh_TW/kaohsiung-region/kaohsiung/restaurant/capstone-steakhouse
台南旺,前金區六合二路187號,Kaohsiung,$$,臺灣菜,創辦人六十多年前以臺南鱔魚炒麵起家，由第二代接手後，漸漸為餐廳增加菜色，繼而發展成現在的規模。用餐環境簡樸但熱鬧，適合朋友聚會。肉質爽脆的鱔魚是店裡的招牌菜，其中特別推薦麻油鱔魚；芋頭丸等多款手工丸亦深受歡迎。如欲品嘗處女蟳，須提早預訂。一周僅營業四天，宜提前訂位。,+886 7 272 0999,https://guide.michelin.com/tw/zh_TW/kaohsiung-region/kaohsiung/restaurant/tainan-wang
南村,大安區忠孝東路四段216巷33弄10號,Taipei,$$,臺灣菜,餐廳創辦人是四四南村的第三代眷村子弟，以在地食材製作糅合大江南北菜系特色的眷村菜，並將其細膩化，以小酒館方式呈現。招牌菜紅燒肉使用溫體豬，用炒過的糖搭配蜂蜜煨煮，保留醬色之餘更添滋味。為確保食材新鮮，菜色須提前兩日預定，現場僅有少量加點選項。提供個人套餐及合菜選擇，是聚餐的好去處。,+886 2 2711 7272,https://guide.michelin.com/tw/zh_TW/taipei-region/taipei/restaurant/44-sv
Marc L³,前金區仁義街231號,Kaohsiung,$$$,時尚歐陸菜,主廚暨老闆曾經旅外十多年，返臺後在鹽埕市場擺攤，大獲好評。後於2021年創立此店，將臺灣在地蔬食，糅合西式烹調方法，顛覆大眾的既定印象。僅提供單一的九道菜套餐，並會依據當天採買而調整菜色。以橫跨各世代與地域的經典金曲作背景音樂，氣氛輕鬆愉快。建議搭配餐廳設計的調酒佐餐，令餐飲體驗更圓滿。,+886 7 215 2157,https://guide.michelin.com/tw/zh_TW/kaohsiung-region/kaohsiung/restaurant/marc-l
楊寶寶蒸餃 (朝明路),楠梓區朝明路106號,Kaohsiung,$,餃子,創立於1993年，從小攤販擴展至現今兩間店面的規模。環境明亮整潔，菜單雖然精簡，不過作為店內招牌的蒸餃均為現點現包，而且價格實惠，難怪人潮總是絡繹不絕。特別推薦花素蒸餃，略帶厚度的餃子皮，包裹著切成細絲的黑木耳、青江菜、粉絲、豆乾等餡料，滋味迷人。另外，酥脆的捲餅亦是熱門選擇。,+886 7 351 6600,https://guide.michelin.com/tw/zh_TW/kaohsiung-region/kaohsiung/restaurant/yang-bao-bao-nanzih
老新台菜 (九如二路),三民區九如二路227號,Kaohsiung,$$,臺灣菜,大紅色拼接牆面，搭配暗綠色大理石桌，裝潢風格復古浪漫。包廂均以高雄著名地區命名，充滿巧思。大廚將傳統的辦桌宴席菜，改以細膩方式呈現，為老菜帶來新滋味。不設菜單，餐廳會依據時令食材和預算安排餐點，不論用餐人數多寡，都可以享受到七至八道菜的盛宴。唯菜色調味較重，若須調整可提前告知店家。,+886 7 313 3077,https://guide.michelin.com/tw/zh_TW/kaohsiung-region/kaohsiung/restaurant/old-new-taiwanese-cuisine-jiuru-2nd-road
范記金之園 (中區),中區成功路170號,Taichung,$,臺灣菜,創立自1978年，現已傳至第二代，其傳統滋味廣受好評，招牌菜為排骨草袋飯。早期的草袋飯是在手工編製的藺草草袋中烹煮而成，藺草混合米香，風味獨特。雖然草袋技術已凋零，店家仍然選用霧峰臺梗九號米，口感飽滿，配合特製的雪裡紅乾，鹹香滋味。另推薦秘製的排骨和沙茶炒牛肉。所有餐點均現點製作，須耐心等待。,+886 4 2220 7388,https://guide.michelin.com/tw/zh_TW/taichung-region/taichung/restaurant/chin-chih-yuan
磐石坊,大安區樂利路15號,Taipei,$$,印尼菜,由印尼華橋創立，曾多次受印尼政府邀請，在此款待外賓，足證其水準。店內陳設著各式各樣的印尼藝術品，如帆船、佛塔、木雕和油畫等，充滿傳統氣息。供應印尼各地的經典菜色，招牌菜為巴東牛肉、串燒和蜂巢爪哇炸雞。若想品嚐更地道的美食，不妨試試富豆香的納豆餅。餐廳亦提供節慶用的祈福飯塔，有需要可提前預訂。,+886 2 2732 5048,https://guide.michelin.com/tw/zh_TW/taipei-region/taipei/restaurant/sate-house
KR Prime Steak,西屯區市政北二路52號,Taichung,$$$,牛排屋,坐落豪宅地段，樓高兩層，主要提供美國濕式熟成牛排，尤其推薦美國CAB頂級安格斯上蓋老饕，味道可口且充滿肉汁。想吃得更豐盛，可以點選包含開胃菜、主菜和甜點的套餐，一次享用美國頂級牛排，以及搭配時令水果、味道清爽的法式焦糖布蕾。用餐環境舒適，適合約會或包場舉辦小型聚會。,+886 4 2252 5566,https://guide.michelin.com/tw/zh_TW/taichung-region/taichung/restaurant/kr-prime-steak
承家,中山區民權東路二段92巷6號,Taipei,$$,臺灣菜,主廚曾於老字號臺菜餐廳工作逾廿年，於2022年自立門戶，以自身名字「承家」命名。餐廳只有三桌，提供臺灣傳統菜餚、各式雞湯菜色，以及重新詮釋的經典美食。桂花蝦仁將雞蛋、筍絲與新鮮白蝦拌炒，搭配美生菜享用，別有一番風味。須提前訂位，並透過社群平台預訂菜餚，或與老闆討論食材的烹調方式。,+886 2 2522 1276,https://guide.michelin.com/tw/zh_TW/taipei-region/taipei/restaurant/cheng-jia
泰姬,大安區市民大道四段48巷1號,Taipei,$$,印度菜,裝潢用色大膽，使用印度裝飾品、花布與大象圖案作點綴，加上印度音樂，充滿異國風情。餐廳所用的香料甚至廚師團隊，也是老闆在當地物色回來。食物方面，以北印菜為主，並獲得官方的清真認證。招牌菜包括泰姬火紅乳酸碳烤雞、黑扁豆咖哩，別忘了點上一客麥香四溢的全麥碳烤餅佐餐，加倍滿足。,+886 2 8773 0175,https://guide.michelin.com/tw/zh_TW/taipei-region/taipei/restaurant/taj
賣麵炎仔,大同區安西街106號,Taipei,$,麵食,這小麵攤開業逾八十年，為老臺北人所熟悉，位於樸實陳舊的公寓並不減其魅力，門前仍是人潮不絕。提供油麵、米粉與黑白切；湯頭以全雞、豬肉與內臟熬煮而成，十分清甜。燒肉、白斬雞和花枝都是必點配菜，而皮酥肉嫩的燒肉僅在十點後供應。麵攤不設菜單及價目表，貼心的老闆會按用餐人數配菜。,+886 2 2557 7087,https://guide.michelin.com/tw/zh_TW/taipei-region/taipei/restaurant/mai-mien-yen-tsai
清真中國牛肉麵食館 (大安),大安區延吉街137巷7弄1號,Taipei,$,麵食,傲立超過六十年，其清燉牛肉麵遠近馳名，牛肉選用臺灣溫體牛，湯頭清香而帶濃重牛骨香味，秘訣是湯頭從不關火，年月將它變得濃而不膩。除牛肉麵，其現做的東北斤餅配炒牛肉絲也是招牌菜色。店家更販售自製牛肉乾，唯產量不多，若不致電預訂便得碰碰運氣。,+886 2 2721 4771,https://guide.michelin.com/tw/zh_TW/taipei-region/taipei/restaurant/halal-chinese-beef-noodles
麻糬寶寶,松山區饒河街111號前 (饒河街夜市),Taipei,$,街頭小吃,檔主帶著透明廚櫃在此經營十多年，所賣的小麻糬每天鮮做，口感軟糯且帶糯米香。,無法取得,https://guide.michelin.com/tw/zh_TW/taipei-region/taipei/restaurant/mochi-baby
番紅花印度美饌,士林區天母東路38之6號,Taipei,$$,印度菜,裝潢展現出高級餐廳的氣派與格調，紅磚白牆亦配合其印度餐廳的風格。食客坐在棗紅色的天花吊燈下，邊用餐邊欣賞印籍廚師即場製作印度薄餅，印度氣氛情懷洋溢而出。餐廳的招牌菜色為喀拉拉雞肉咖哩及芫荽雞肉咖哩。菜色選擇眾多，若難以決擇不妨讓訓練有素的服務生為你提供意見。,+886 2 2871 4842,https://guide.michelin.com/tw/zh_TW/taipei-region/taipei/restaurant/saffron
穆記牛肉麵,信義區吳興街239號,Taipei,$,麵食,店家每天七點就開始熬製湯頭，其秘方除了牛肉、中藥材及每天更換的骨頭等外，還包括了水果，因此特別甜美。牛肉麵採用本地產的牛肉，鮮度十足。斤餅製作從頭到尾由店家一手包辦，與滷味同樣不能錯過。店家待客周到，會細心講解外帶的處理，確保客人吃到應有風味。,+886 2 2722 2707,https://guide.michelin.com/tw/zh_TW/taipei-region/taipei/restaurant/muji-beef-noodles
FIRNS,西屯區精誠路50巷19號,Taichung,$$$$,創新菜,主廚Ricky來自香港，曾於歐洲和香港的知名餐廳工作，為客人帶來結合法國和亞洲風格的當代美食。餐廳的大型燈飾由臺灣本土植物製成，加上產自屏東的手工刀具、本地工匠製作的陶瓷餐具，令用餐環境既優雅又充滿特色。菜單方面，同樣大量採用在地食材，包括根據當日漁獲設計的菜色。餐後不要錯過富有季節特色的甜品。,無法取得,https://guide.michelin.com/tw/zh_TW/taichung-region/taichung/restaurant/firns
請客樓,中正區忠孝東路一段12號17樓 (喜來登大飯店),Taipei,$$$,"淮揚菜, 川菜",於集團服務近廿年的師傅於2023年接任主廚一職，菜單仍以川揚菜色為主，同時加入少量臺菜美食，尤其不可錯過經典小菜。團隊為迎合健康飲食趨勢，奉行少油鹽烹調原則，且大幅減少辛香料的用量。室內布置雖然樸實，但靜謐舒適，備有多種包廂，適合宴請。如果想有更充裕的時間享用午餐，記得儘早前往。,+886 2 2321 1818,https://guide.michelin.com/tw/zh_TW/taipei-region/taipei/restaurant/the-guest-house
MINIMAL,西區美村路一段133巷16號,Taichung,$$,現代菜,由澀(Sur-)分支而立的甜點店，裝潢帶有侘寂風格。經營者以現代料理概念詮釋冰淇淋，透過多層次的堆疊變化，大大提升味覺、視覺與用餐感受。菜單每季環繞一個嶄新主題，把冰淇淋視作料理的主素材，透過七道冰品一一闡述，每道菜品都像藝術品般細膩柔美。建議提前訂位。店家同時提供外帶單點冰淇淋。,+886 4 2321 9080,https://guide.michelin.com/tw/zh_TW/taichung-region/taichung/restaurant/minimal
八和 (大安),大安區安和路一段102巷4號,Taipei,$$$$,燒烤,名為「八和」，是因為餐廳按近江澤井姬和牛三十多個部位的最佳品嘗方式，設計出八種不同料理，分別是生牛肉、壽司、霜降、赤身、牛排、逸品、湯品和主食。另限量供應赤身的內腿或內裙等特殊部位，可預先致電查詢。推薦用荷葉包覆的牛油拌飯，香味四溢。環境寬敞，入口處更能透過玻璃窗觀看肉品切割過程。,+886 2 2325 0531,https://guide.michelin.com/tw/zh_TW/taipei-region/taipei/restaurant/baho
富錦樹台菜香檳 (松山),松山區敦化北路199巷17號,Taipei,$$,臺灣菜,偌大的落地窗和天花的植物裝置，為餐廳營造了舒適愜意的環境。來自臺南的創辦人為了打破臺式料理的刻板形象，特意結合臺菜與香檳，並將府城獨特的甘甜風味和創意融入菜色，每季推出季節與時令新菜。例如季節野菜炒蓮霧，用老薑與蓮霧碰撞出清爽滋味。蝦湯煨龍蝦蛋則以鮮美的龍蝦肉突顯番茄的果香，口味老少咸宜。,+886 2 8712 8770,https://guide.michelin.com/tw/zh_TW/taipei-region/taipei/restaurant/fujin-tree-taiwanese-cuisine-champagne-songshan
夜間部爌肉飯,西區精誠路109號,Taichung,$,小吃,顧名思義，小店僅在夜間營業，從晚餐至宵夜時段，總是人潮不絕。爌肉飯為店內招牌，彈嫩的五花肉呈現誘人琥珀色，搭配酸菜，入口肥而不膩，店家更提供辣菜脯予客人自行添加享用。此外，臺式小菜如滷白菜、油豆腐等也具水準，再加上一碗骨宰肉豬血湯，便是經典的臺式小吃組合。店面雖小，但環境明亮潔淨，感覺舒適。,+886 4 2320 0735,https://guide.michelin.com/tw/zh_TW/taichung-region/taichung/restaurant/night-school-braised-pork-rice
北港蔡三代筒仔米糕 (鹽埕),鹽埕區河西路166號,Kaohsiung,$,小吃,小店自1956年起屹立在鹽埕區，菜單內容樸實，就只有筒仔米糕、五種湯品及鐵蛋，卻因價廉物美成為高雄人的共同回憶。筒仔米糕選用陳放兩年的舊米製作，再於上桌前淋上滿滿的肉燥汁，糕身軟硬適中，佐以嫩薑同吃十分可口，叫人回味。富滋味的鐵蛋，和吸滿湯汁精華、香味濃郁的蒸蛋湯同樣值得一試。,+886 7 551 7443,https://guide.michelin.com/tw/zh_TW/kaohsiung-region/kaohsiung/restaurant/bei-gang-tsai-rice-tube-yancheng
鴨肉珍 (五福四路),鹽埕區五福四路258號,Kaohsiung,$,小吃,於鹽埕區經營超過60載，以鴨肉小吃聞名，人潮總是絡繹不絕。招牌煙燻鴨肉切盤是每位顧客必點的佳餚，鴨肉緊緻而多汁，美味可口，搭配特調蒜蓉醬同吃，更添風味。點菜時老闆更會依據用餐人數，搭配鴨肉內臟拼盤或鴨湯品，體貼周到。另外，肉燥飯同樣出色，肉燥肥瘦適中，讓人吃得津津有味。,+886 7 521 5018,https://guide.michelin.com/tw/zh_TW/kaohsiung-region/kaohsiung/restaurant/duck-zhen
壽司芳,大安區忠孝東路四段216巷19弄12號,Taipei,$$$$,日本菜,創辦人中之上公起擅長融合日式與法式技法，設計出細緻又具創意的菜色，並由駐店團隊料理。當中不乏在地時令鮮魚，大閘蟹季節亦會推出應時套餐。無菜單套餐包含食材華貴的壽司，搭配和味道均帶來驚喜。建議在晚間到訪，並選擇價格較高的套餐，享受一道道猶如藝術品的創意美食，甜點亦值得期待。,+886 2 2721 5560,https://guide.michelin.com/tw/zh_TW/taipei-region/taipei/restaurant/sushiyoshi
吾旺再季,中正區中華路二段313巷29號 (南機場夜市),Taipei,$,街頭小吃,松青潤餅易名後搬至巷弄之內，繼續提供包著紅燒肉、素排骨酥等餡料的潤餅，滋味依然。,+886 930 406 677,https://guide.michelin.com/tw/zh_TW/taipei-region/taipei/restaurant/wu-wang-tsai-chi
阿裕牛肉 (崑崙路),仁德區崑崙路733之1號,Tainan,$$,火鍋,臺南知名的溫體牛肉店，在創立近三十年之際，開設此佔地千坪的全新用餐空間，寬敞舒適。菜單精簡，提供單一牛肉湯鍋底，搭配臺南善化溫體牛的不同部位。想吃得更豐盛，不妨加點芥藍炒牛肉。店內採自助式服務，客人需自行到冰箱挑選飲料和鍋物配料，並先行結帳。僅設現場候位，建議在營業前到場排隊。,+886 6 279 5500,https://guide.michelin.com/tw/zh_TW/tainan-region/tainan/restaurant/a-yu-beef-shabu-shabu-kunlun-road
The Ukai,信義區松智路17號46樓 (微風南山),Taipei,$$$$,鐵板燒,環境優雅有格調，座位依落地窗而置，可遠眺山景與城內景色。菜單由各分店的日籍料理長設計，唯一相同之處是其西式風格。這裡提供兩款無菜單套餐，建議晚間到訪，並體驗包含鮑魚岩鹽蒸、蒜香炒飯等經典菜式的完整套餐，主餐更可嚐到日本黑毛和牛。甜點方面，品項會根據時令水果而轉變。,+886 2 7730 1166,https://guide.michelin.com/tw/zh_TW/taipei-region/taipei/restaurant/the-ukai
黑琵食堂,七股區十份里海埔17之18號,Tainan,$$,海鮮,餐廳位於黑面琵鷺保護區內，擁有絕佳的觀鳥位置。經營者養殖虱目魚超過三十年，對食材非常講究，取用自家魚塭或是低密度養殖的在地海產，其中推薦飽滿鮮甜的文蛤，以及肉質緊緻的虱目魚。鹹香可口的金沙軟絲，也值得一試。餐點價格實惠，適合與親友同訪，假日前往建議提前訂位。,+886 928 300 155,https://guide.michelin.com/tw/zh_TW/tainan-region/tainan/restaurant/black-faced-spoonbill-canteen
元,西區大墩12街35號,Taichung,$$$,時尚臺灣菜,用餐環境小巧，以亮麗的花卉妝點空間，感覺清新自然。創辦人致力呈現在地風味，菜單設計參考自臺灣飲食史，重新演繹各種百年老菜、酒家菜、辦桌宴席菜以及傳統小吃，如麗心河鰻與火燒蝦仁飯等。此外，餐廳擁有自家農場，確保用料新鮮、原汁原味。單一套餐的菜色按季節變更，不妨留意社群媒體的公佈。,+886 966 667 067,https://guide.michelin.com/tw/zh_TW/taichung-region/taichung/restaurant/yuan
鮨中澤,信義區仁愛路四段452巷6號,Taipei,$$$$,壽司,位於巷弄之內，店前設日式小庭園，由身穿和服的服務員引領內進。日本主廚根據臺灣人的口味設計菜色，傳統創新兼而有之，套餐中多款生魚片和壽司，皆展示出精細的刀工。醋飯口味凸顯醋味與鹹味，搭配食材尤見出色。甜點提供自製的蜂蜜伴義式奶酪，也可要求不添加蜂蜜，充分品嚐鮮奶油風味。,+886 2 2758 0266,https://guide.michelin.com/tw/zh_TW/taipei-region/taipei/restaurant/sushi-nanami
醉楓園小館,松山區八德路三段8巷5號,Taipei,$$,粵菜,彭主廚一直遵從叔公的料理配方，雖然與彭家園的廚師師承同一人，大家的手法還是大相逕庭。其芋泥香酥鴨、瓊山豆腐特別出色。冬季記得一試羊腩火鍋或魚頭火鍋，前者以澳洲草羊、甘蔗頭、老薑和南乳熬煮；後者強調原汁原味，與坊間用沙茶醬的做法有別。服務生訓練有素，且記住客人喜好。假期前後特別繁忙，建議訂位。,+886 2 2577 9528,https://guide.michelin.com/tw/zh_TW/taipei-region/taipei/restaurant/tsui-feng-yuan
欣葉小聚,南港區經貿二路166號 (中國信託金融園區A棟),Taipei,$$,臺灣菜,欣葉名下專攻小家庭的品牌，菜餚專為二至四人小型聚會而設，並迎合健康飲食潮流，調味上較少油和鹽，且提供多樣蔬食料理。菜單上除了有菜脯蛋、紅蟳米糕等傳統臺菜，也有融入創意的新菜色，如以糯米椒炒皮蛋的青龍皮皮挫。高聳的天花，配合整片落地窗讓陽光灑落，視野遼闊且典雅溫馨。,+886 2 2785 1819,https://guide.michelin.com/tw/zh_TW/taipei-region/taipei/restaurant/shin-yeh-shiao-ju-nangang
香草小餐酒,安平區永華路二段950號,Tainan,$$$,時尚歐陸菜,主廚曾旅居法國及於臺北工作，後落腳臺南，開設了這家餐廳。室內以孔雀綠色牆面搭配昏暗燈光，塑造出親密的用餐氛圍，適合情侶或友人聚會。單一套餐以歐陸料理技法作基礎，結合嘉義鵝肝、臺東米、皇宮菜等在地食材，增添臺灣獨有風味。主餐備有五至六款選擇，尤其推薦紐西蘭高地和羊羊排和來自日美澳產區的牛排。,+886 6 299 0011,https://guide.michelin.com/tw/zh_TW/tainan-region/tainan/restaurant/l-herbe
裡小樓,西屯區西屯路２段293巷50號,Taichung,$$,臺灣菜,位於窄巷內的老宅，恰如店名「巷裡的小樓」。室內以木製板前座位環繞開放式廚房，氣氛輕鬆。這裡的臺灣家常菜與小吃份量精緻，適合單人用餐或兩三好友聚會。鹽焗玉米雞腿是店內招牌，建議搭配一碗滷肉飯。金門老壇高梁香腸腸衣輕薄，帶濃郁酒香，值得一試。不定期提供包場服務，屆時將會公休。,+886 4 2452 5657,https://guide.michelin.com/tw/zh_TW/taichung-region/taichung/restaurant/li-xiao-lou
雋,前鎮區復興四路8號,Kaohsiung,$$$$,粵菜,由澳門主廚陳泰榮領軍，並由廚齡四十年的香港主廚駐店。室內空間挑高明亮，擺放著各式駿馬雕塑，呼應著店名「一馬當先」之意。提供三種不同價位的套餐，以金絲燕盞、鮑魚等高檔乾貨入饌，呈現八十年代的傳統粵菜風格，同時融入創新巧思。所有菜餚均為位上，並提供品項豐富的茶單。,+886 7 338 4885,https://guide.michelin.com/tw/zh_TW/kaohsiung-region/kaohsiung/restaurant/gen-1214088
毛蔬,東區府東街43號,Tainan,$$,素食,入口採用圓弧設計，餐室飾有黑色拱形窗框，由木材家具搭配抿石子座椅，營造出舒適愜意的氛圍。由在地餐飲集團開設，不同於傳統素食餐廳，這裡希望提供連葷食者也享受的蔬食環境。菜單包含五辛素與蛋奶素，以原型食物融合亞洲各地風格，如南洋沙嗲、川味花椒、韓式泡菜等。除了創意素食，經典的塔香脆腸也是熱門菜色。,+886 6 209 4699,https://guide.michelin.com/tw/zh_TW/tainan-region/tainan/restaurant/mao-su
巷子龍家常菜,大安區四維路25號,Taipei,$$,"湘菜, 江浙菜",前身是談話頭餐廳，三十餘年間多次搬遷，於2019年搬到現址，並改以店東名字諧音為名。餐室小巧而菜單精簡，但每一道都是招牌。其湖南與江浙家常菜，標榜不勾芡、不使用味精，並以每天採買的漁獲與食材，推出當日菜色。推薦湖南金錢蛋、無錫排骨與上海菜飯。服務親切，氣氛猶如回家用餐般自在，更歡迎自帶酒水。,+886 2 2325 4566,https://guide.michelin.com/tw/zh_TW/taipei-region/taipei/restaurant/talking-heads
隱食家,中山區雙城街28巷8號,Taipei,$$,臺灣菜,店如其名，隱藏在巷弄之中。主廚希望為客人提供健康味美的臺灣菜，除了烹調上少用油鹽，也對食材用心選擇，如每天到市場採買新鮮漁獲，及選用臺灣得獎冠軍米，以土鍋現點現煮。推薦東石鮮蚵芙蓉蛋，採用渾圓飽滿的嘉義東石的蚵仔，搭配蛋香豐沛的土雞蛋，滋味非凡。若多人到訪，老闆會依據人數配菜。,+886 2 2595 8055,https://guide.michelin.com/tw/zh_TW/taipei-region/taipei/restaurant/inn-s
曙光居,西屯區大墩18街104號,Taichung,$,素食,外觀沉實，無論是石牆、紅磚間隔、木桌椅，抑或手拉坯餐具，都令人感到舒適，呈現對細節的著重。提供全素菜色，食材經過來源控管，並在菜單上註明其特性和好處。其中「非常麵」以手工拉麵搭配老店配方的辣醬和芝麻醬，酸辣滋味，深受歡迎。黃金脆皮鍋貼帶有冰花脆皮，製作需時但值得等待。餐點均現點現作，須耐心等候。,+886 4 2329 2322,https://guide.michelin.com/tw/zh_TW/taichung-region/taichung/restaurant/house-of-dawn
鹽之華,西屯區市政路581之1號,Taichung,$$$$,時尚法國菜,環境舒適優雅，與精挑細選的食具相互呼應，加上服務團隊的貼心招待，構成細膩的用餐體驗。女主廚擁有三十年西餐與旅外學習經驗，菜單設計以歐陸為概念，內容按季節變更。菜色分量精巧，不僅用葡萄酒入菜，也將亞洲的香料、草本等元素融入其中，創造出有趣風味。建議請侍酒師介紹搭餐的美酒。,+886 4 2252 0991,https://guide.michelin.com/tw/zh_TW/taichung-region/taichung/restaurant/fleur-de-sel-1188695
明壽司,中山區雙城街25巷6之3號,Taipei,$$$$,壽司,開業超過十年，熱烙的用餐氣氛和料理特色卻維持不變。提供江戶前風格壽司，採用一致比例的紅醋和白醋製作醋飯。食材多源自日本，並以江戶前的做法，善用魚類放置時間作適度熟成。例如黑鮪魚會依情況放置四至五天。設有板前包廂，既可保有隱私，又能夠觀賞壽司製作過程。,+886 2 2596 1069,https://guide.michelin.com/tw/zh_TW/taipei-region/taipei/restaurant/sushi-akira
空盤,大安區敦化南路一段270巷28號,Taipei,$$$,現代菜,英文店名為「空盤」的臺語諧音，寄語客人能夠盡興品嚐美食，心滿意足地清空盤子。餐室設計簡約舒適，以褐色桌椅、淺色吊燈點綴，令人放鬆心情。經營者兼主廚曾旅居法國，將在當地奠定的烹飪技法結合個人巧思，烹製成一道道細膩的當代菜餚。中午時段雖提供簡短套餐，但建議點選完整套餐，讓體驗更完整。,+886 2 8772 0372,https://guide.michelin.com/tw/zh_TW/taipei-region/taipei/restaurant/komboi
HAILI,前金區成功一路264-1號2樓,Kaohsiung,$$$,現代菜,主廚離開臺北的知名餐廳後，南下開設此店，吸收過往與日籍廚師合作的經驗，令他的料理飽含法、日風格和技巧。單一套餐網羅日本與在地食材，用現代風格詮釋。每季菜單均有一道菜名以在地人文為靈感，藉此連結高雄的飲食風貌。餐室裝潢素雅，開放式廚房與吧檯設計，讓烹飪過程一覽無遺。訂位不易，建議提早安排。,+886 7 215 0559,https://guide.michelin.com/tw/zh_TW/kaohsiung-region/kaohsiung/restaurant/haili
阿星鹹粥,中西區民族路三段289號,Tainan,$,粥品,創立於1965年，主要售賣臺南風格的虱目魚鹹粥。粥底的魚鮮高湯湯色清澈，米粒分明，灑上香濃蒜酥，香氣富層次。客人可點選喜歡的虱目魚部位，當中特別推薦肥美的魚肚，另外搭配乾拌虱目魚，即成為味美豐富的早餐。小店深受歡迎，於清晨五點便有眾多客人光顧。雖然是小吃店，但設有冷氣，用餐倍感舒適。,+886 6 220 0941,https://guide.michelin.com/tw/zh_TW/tainan-region/tainan/restaurant/a-hsing-congee
鮮魚鱻,北區北屯路75號,Taichung,$,小吃,開店逾三十年，提供府城風味小吃，尤以蝦仁飯與虱目魚知名。以「鮮魚鱻」命名，自然講究魚料新鮮，虱目魚每天從南部進貨，無論是肉嫩無刺的魚肚湯、滷魚肚、滷魚頭或粥品，均深受老饕歡迎。另外尚有蚵仔、海鰱魚、龍膽石斑等魚料，其他小吃則推薦醬香味濃的滷豬腳筋，其豐沛膠質令人不禁大快朵頤。,+886 4 2235 1186,https://guide.michelin.com/tw/zh_TW/taichung-region/taichung/restaurant/fresh-fish-stock
文公館,西屯區文心路二段636號,Taichung,$$$,時尚臺灣菜,餐廳保留老建築的結構，裝潢以孔雀綠為主軸，搭配實木餐椅和大理石地面，點染雅逸的用餐氣氛。由中西主廚共同掌杓，融匯中菜著重火候、西式講究細緻的特點，並選用在地當季食材，菜色同時網羅了臺菜、粵菜與客家的烹調元素。單人套餐包含開胃菜、湯品、主菜與甜品，風味層層堆疊，其中澄黃的濃雞湯和燉煮黑豬腩尤其叫人印象深刻。,+886 4 2326 6655,https://guide.michelin.com/tw/zh_TW/taichung-region/taichung/restaurant/la-maison-de-win
弘記肉燥飯舖,左營區立文路96號,Kaohsiung,$,小吃,此店供應的雖然是臺灣傳統小吃，但有別於一般路邊攤模式，用餐空間明亮寬敞，並飾以趣味十足的豬隻插畫，可見經營者的創新意念。備有一系列經典小吃，其中肉燥飯為招牌，建議加配半熟蛋，醇滑蛋液與鹹香肉燥的結合滋味非常，令人不禁大快朵頤。滷白菜、豬腳筋等小菜帶有淡淡中藥香氣，同樣下飯。,+886 7 558 3777,https://guide.michelin.com/tw/zh_TW/kaohsiung-region/kaohsiung/restaurant/hung-chi-rice-shop
薩瑪法國小館,三民區正氣街14號,Kaohsiung,$$$,時尚歐陸菜,主廚曾於日本和法國磨練廚藝。喜愛歐洲古件的他回臺後，於巷弄中的舊宅開設餐廳，並在室內各個角落，妝點了歐式復古器皿與家具。包含十道菜的菜單每季更換，廚師巧妙融合義、法料理技巧與在地特色，以貼近臺灣飲食文化的方式呈現各式菜餚，譬如以水餃皮製作義大利餃。僅設一輪用餐，顧客須準時抵達。,無法取得,https://guide.michelin.com/tw/zh_TW/kaohsiung-region/kaohsiung/restaurant/ca-marche-1200953
福園,前金區成功一路266號9樓 (漢來大飯店),Kaohsiung,$$,臺灣菜,位於歷史悠久的漢來大飯店內，是集團旗下唯一的臺菜餐廳。餐室內的水晶掛燈和西洋畫作雖略顯歷史痕跡，但團隊親切的服務令客人再三回訪。在此可品嚐到多款家常菜，其中苦茶油香雞帶有淡淡苦茶香氣，搭配爽脆的炸薑片，鹹香美味。主廚亦會每天採買新鮮海魚，製作各式海鮮料理。若周末到訪建議提前訂位。,+886 7 213 5739,https://guide.michelin.com/tw/zh_TW/kaohsiung-region/kaohsiung/restaurant/fu-yuan
一味品,中西區國華街三段177-179號 (永樂市場攤號111及112),Tainan,$,小吃,由臺南著名碗粿世家創立，僅售碗粿及虱目魚魚羹兩款食品，深受食客歡迎，早上、中午時段人潮熱絡，十分繁忙。碗粿使用舊在來米製作，搭配在地溫體豬肉、火燒蝦與自製肉燥，每日新鮮現做。其色澤偏黑，是典型的臺南風格。建議參考在地人的吃法，品嚐一半後添加芥末或蒜泥，以提升滋味。,+886 6 228 8563,https://guide.michelin.com/tw/zh_TW/tainan-region/tainan/restaurant/yi-wei-pin
Thomas Chien,前鎮區成功二路11號,Kaohsiung,$$$,時尚法國菜,主廚料理法餐多年，加上對南臺灣這片土地的熱情，因此喜好把大量在地食材融入菜色當中。他從優質小農和鄰近海港取材，以新鮮的食材，製作出按季節更替的法式套餐。午間套餐的菜單會每月變換，餐廳亦連年邀請海外知名主廚到訪客座，務求能為食客帶來新的用餐體驗，難怪成為熱門的用餐選擇。,+886 7 536 9436,https://guide.michelin.com/tw/zh_TW/kaohsiung-region/kaohsiung/restaurant/thomas-chien
富貴亭,中區三民路二段18巷31號,Taichung,$,臺灣菜,開業逾半世紀的富貴亭，是許多居民的童年回憶，販售筒仔米糕和各種當歸湯品。其中，當歸鴨肉麵線味道濃郁，十分美味。但最受歡迎的，始終是當歸鵝肉麵線和燻鵝肉，前者把鵝湯、鴨湯一起加入當歸湯中，香味四溢，每天開賣半個小時左右便會售罄。小店座位有限，無法訂位，也可能需與人拼桌。,+886 4 2227 3001,https://guide.michelin.com/tw/zh_TW/taichung-region/taichung/restaurant/fu-kuei-ting
富狀元豬腳,西區美村路一段203號,Taichung,$,臺灣菜,這家知名豬腳餐廳的特色，是不添加中藥材滷包，而將白毛豬隻，搭配特調比例的紅蔥、辣椒、冰糖與醬油，把肉滷至呈琥珀色澤、晶瑩透亮。不論是富含彈性和膠質的豬腳，或半肥半瘦的腿扣，都多汁可口。爽口筍絲等小菜也滋味無窮，再加上一碗白飯加滷汁，風味十足，令人大快朵頤。,+886 4 2301 3588,https://guide.michelin.com/tw/zh_TW/taichung-region/taichung/restaurant/fu-juang-yuan
The Tavernist,大安區仁愛路四段27巷25號12樓 (金普頓大安酒店),Taipei,$$$,時尚歐陸菜,餐室設計時尚，以金屬門框搭配紅綠色磁磚，散發活潑氣氛。臺灣主廚將家鄉的記憶與風味，加上在地食材、西式烹調手法，結合成一道道具創意的菜色。菜單上也包含老菜脯雞湯、鹽酥雞等貼近臺灣人的口味。服務貼心，除了單點也提供套餐選擇。如欲帶同毛孩前往，可於訂位時說明，以安排寵物友善座位。,+886 2 2779 0688,https://guide.michelin.com/tw/zh_TW/taipei-region/taipei/restaurant/the-tavernist
沙淘宮廟海產,中西區西門路二段86號,Tainan,$,臺灣菜,小店曾於沙淘宮前經營，名字沿用至今，供應古早味臺灣菜，飄香近一甲子。蛋包飯包裹著番茄醬肉絲炒飯，酸甜滋味猶如回到兒時。臺式炸豬排金黃酥脆，搭配馬鈴薯沙拉，十分美味。其不含味精的關東煮佐以特調醬料，也大受歡迎。店內設用餐座位，持續營業至深夜，是不少在地顧客的宵夜用餐選擇。,+886 6 228 8321,https://guide.michelin.com/tw/zh_TW/tainan-region/tainan/restaurant/the-temple-front-eatery
響海鮮,西屯區市政北二路356號,Taichung,$$$,海鮮,入口放置大型海鮮缸，存養由外地進口的新鮮漁獲，也有的來自澎湖及宜蘭龜山島海域。不設菜單，客人可從魚缸挑選食材及烹調方式。料理風格以臺式為主，多使用清蒸與乾煎來呈現食材的原汁原味。餐廳可依據用餐人數調整份量。室內設計時尚，設有獨立包廂，但需提前預訂。,+886 4 2252 2127,https://guide.michelin.com/tw/zh_TW/taichung-region/taichung/restaurant/hibiki-seafood
侯記鴨肉飯,三民區自強一路201號,Kaohsiung,$,小吃,侯記鴨肉飯已走過四十個年頭，招牌菜是溫潤滋補、香氣濃郁的當歸鴨肉湯。冬日時節，更可搭配麵線一起品嚐。另一招牌鴨肉飯則搭配富厚度的肉片及醃黃蘿蔔，十分滋味。若想吃得更豐富，不妨加點鴨肉切盤，除了有原味與煙燻口味，更可選擇不同部位。用餐時刻人潮眾多，但服務人員態度不減親切，難怪多年來屹立不倒。,+886 7 282 7588,https://guide.michelin.com/tw/zh_TW/kaohsiung-region/kaohsiung/restaurant/hou-chi-duck-rice
logy,內湖區瑞光路258巷39號,Taipei,$$$$,時尚亞洲菜,承襲其東京姊妹店的裝潢風格，以混凝土灰黑色調搭配板前座位，予人沉穩且神秘之感。出生於日本北海道的主廚，喜愛選用家鄉的魚獲搭配臺灣食材，同時結合日本料理與法、義烹飪手法，巧妙地呈現亞洲菜的當代風貌。招牌茶碗蒸除了加入牛肉清湯，更以芹菜及當歸葉的冰沙提味，別樹一幟。訂位不易，須提前規劃。,無法取得,https://guide.michelin.com/tw/zh_TW/taipei-region/taipei/restaurant/logy
北平陶然亭,松山區復興北路86號2樓,Taipei,$$,京菜,經營半世紀，陶然亭堅持製作傳統而富自家特色的烤鴨，採用來自宜蘭、不施打抗生素的紅面番鴨，這種鴨較櫻桃鴨多養一百天，肉質肥嫩。每日送抵的鴨會風乾一天才送入專用炭爐燻烤，皮薄香脆，除了配以鮮擀餅皮享用，更可一鴨多吃。烤鴨以外，現包現煎的蘿蔔絲餅飽滿多汁，值得一試。,+886 2 2778 7805,https://guide.michelin.com/tw/zh_TW/taipei-region/taipei/restaurant/tao-luan-ting-roast-peking-duck-palace
天下三絕,大安區仁愛路四段27巷3號,Taipei,$$,麵食,欲於水晶燈下邊啖紅酒邊嚐牛肉麵，天下三絕可滿足心願。店家所選用的牛肉來自美國和澳洲；麵條則以澳洲黃金小麥製作，有三種不同寬度；湯頭用上牛大骨、牛肋排、四種酸度的番茄等熬煮八小時而成，香醇清甜且富層次。特別推薦天下三絕牛肉麵，網羅四個牛肉部位，是為極品享受。逢週三點選主食可獲贈一杯紅酒。,+886 2 2741 6299,https://guide.michelin.com/tw/zh_TW/taipei-region/taipei/restaurant/tien-hsia-san-chueh
牡丹,大安區四維路52巷17號,Taipei,$$$$,日式天婦羅,極簡的裝飾與庭院造景，加上細膩服務，讓人愜意地享受天婦羅饗宴。料理長擁有數十年經驗，對食材特性、火候與油溫有透徹瞭解，每道菜僅掛上薄如蟬翼的麵衣，完美呈現食材的最佳狀態。單一套餐精選在地與日本的時令海鮮，並穿插各種蔬食，最後以手工蓮藕蕨餅與茶點畫下完美句點。僅接受12:30及18:30的訂位，須提前規劃。,+886 2 2706 8699,https://guide.michelin.com/tw/zh_TW/taipei-region/taipei/restaurant/mudan
茂園,中山區長安東路二段185號,Taipei,$$,臺灣菜,自1971年開業的茂園現由第二代掌舵，工作人員均是服務多年的老臣子。兩層高的餐廳適合不同大小宴席。友善的服務生會把客人帶至海鮮冰櫃前，細心介紹招牌菜及當日的時令海鮮，並因應用餐人數建議合適份量，好讓客人多嚐幾道菜。蒜泥鮮蚵和鹽冬瓜蒸時令魚等都是馳名菜色，白斬雞也值得一試。,+886 2 2752 8587,https://guide.michelin.com/tw/zh_TW/taipei-region/taipei/restaurant/mao-yuan
西羅殿牛肉湯,北區公園南路98號,Tainan,$,小吃,此店的牛肉湯以牛大骨、牛腩、牛油、洋蔥等食材熬煮，搭配薄切牛肉，肉質軟嫩可口，湯水味道鮮美。上桌時，服務員會介紹最佳吃法，並附上一碗白飯或肉燥飯。建議淋上少許米酒提鮮，嗜辣者，不妨蘸取店家自製的辣椒醬。除牛肉外，湯品也可選牛腩、牛肝或綜合。湯品和炒菜均設三種份量，十分貼心。,+886 6 229 4056,https://guide.michelin.com/tw/zh_TW/tainan-region/tainan/restaurant/hsi-lo-tien-beef-soup
梅子,沙鹿區中山路473之2號,Taichung,$$,海鮮,創立於1989年，創辦人夫婦早年從事漁業，因此特別講究海產品質，造就了餐廳用料鮮美的好名聲。海鮮大部分來自自家澎湖漁船，其餘則購自臺中港。推薦醬燒軟絲、三杯石斑及白鯧米粉，時令澎湖海鮮也值得一試。從明亮的環境，以至餐前小菜和飯後甜品水果，處處顯露經營者對細節的用心。假日到訪宜提早訂位。,+886 4 2662 5365,https://guide.michelin.com/tw/zh_TW/taichung-region/taichung/restaurant/meidz-seafood
頁小館,中山區北安路595巷20弄4號,Taipei,$$,國際菜,餐廳內放滿了吉他、唱片和各種音樂紀念品，客人更可在精挑細選的樂韻襯托下，欣賞廚師團隊在開放式廚房裡忙碌的身影。主廚擅於將破布子、桶仔雞等亞洲元素，糅合經典西式菜餚。黑白切更是這裡的招牌菜，把家喻戶曉的臺灣攤販小吃，以西式香料重新詮釋。酒單上除了葡萄酒，也有多種日本清酒和手工啤酒。,+886 2 2532 8003,https://guide.michelin.com/tw/zh_TW/taipei-region/taipei/restaurant/page
但馬家涮涮鍋 (本館),松山區敦化北路166號5樓 (文華精品),Taipei,$$$,涮涮鍋,老闆認為吃火鍋是跟好友、家人相聚的親密時光，客人應好好享受用膳過程，不應費心處理食材，因此一切會由店員代為打點。食材方面，除了有在地蔬菜和海鮮，亦有多款日本蟹和不受時節所限的菲律賓花龍蝦等，牛肉更是直接從日本的但馬牛供應商取貨。客人更可點整條活魚分享，別忘了品嚐鮮甜味美的雜炊。,+886 2 2712 1606,https://guide.michelin.com/tw/zh_TW/taipei-region/taipei/restaurant/tajimaya-shabu-shabu
天香樓,中山區民權東路二段41號B1 (亞都麗緻大飯店）,Taipei,$$$,杭州菜,餐室以金屬屏風仿楊柳、湖影，營造杭州風情。這裡的杭州菜著重手工，並且選用在地食材，創造出別具一格的獨門菜，例如糅合兩大經典的神仙鴨魚丸湯。另外，宋嫂魚羹、天香東坡肉、龍井蝦仁均非常出色。設有侍茶師，提供以茶配餐的建議。若於晚間到訪，書法家會為客人將菜單寫成冊子留念，呈現古代文人雅士品茶論藝的氛圍。,+886 2 2597 1234,https://guide.michelin.com/tw/zh_TW/taipei-region/taipei/restaurant/tien-hsiang-lo
CRATAIN,鼓山區昌盛路306號,Kaohsiung,$$$,時尚歐陸菜,主廚曾登上澳洲搖籃山（Cradle Mountain），並以登頂經歷作店名的發想。主廚透過歐陸技法闡述自己的烹飪理念，肉類料理是其強項，多以炭烤與煎制而成。餐廳更依據餐期，分別設個人化的自選套餐與單點，訂位時可額外留意。室內裝潢簡約素雅，吧台與開放式廚房相連，加上友善的服務團隊，進一步提升用餐體驗。,無法取得,https://guide.michelin.com/tw/zh_TW/kaohsiung-region/kaohsiung/restaurant/cratain
鮨野村,大安區仁愛路四段300巷19弄4號,Taipei,$$$$,壽司,於2023年重新裝潢，用餐環境色調沉穩，簡潔俐落。料理長野村先生專司江戶前壽司，講究用料，米飯採用來自四國水主町的有機越光米及北海道七星米，以富士山泉水烹煮，調味用上赤醋及白醋，以特別配方混合。其套餐均以壽司為主角，若喜歡生魚片，可指定較高價位的套餐，品嚐由料理長精心安排的菜品。,+886 2 2707 7518,https://guide.michelin.com/tw/zh_TW/taipei-region/taipei/restaurant/sushi-nomura
麟聚,松山區敦化北路100號,Taipei,$$$$,粵菜,門面低調，入口處陳列著不少高檔乾貨，用餐環境典雅。由香港主廚領軍，依循季節與時令，擬定兩種不同價位的個人套餐，當中不乏焗蟹蓋等經典粵式料理。餐廳也可以按顧客的預算與口味規劃菜單，加上設有包廂，特別適合商務聚會和節慶宴客。由於多用高級乾貨入菜，建議三天前預約訂位。,+886 2 2712 2700,https://guide.michelin.com/tw/zh_TW/taipei-region/taipei/restaurant/lin-ju
Sens,松山區民生東路三段127巷12號,Taipei,$$$$,時尚法國菜,由老公寓改建而成，以木地板、古銅色鐵件、橙黃燈光鋪飾，營造出優雅的氛圍。主廚深受法國文化薰陶，對醬汁烹調特別講究，每季的菜單更迭，醬汁也是設計重點。晚間所提供的單一套餐採用多款歐洲高級食材，菜色分量精細但多元，包括大受歡迎的肉凍派。為求完整呈現法式料理，亦提供以起司為發想的餐後小點。,+886 2 2718 6388,https://guide.michelin.com/tw/zh_TW/taipei-region/taipei/restaurant/sens-1204678
牛五蔵,安平區建平路577號,Tainan,$$,火鍋,由牛肉湯名店劉家莊的第二代創立，把臺灣溫體牛以日式火鍋、臺式熱炒等方式呈現。火鍋鍋底選擇多元，包括經典的牛骨高湯、麻辣鍋底等，以及店家首創的日式摩滋鍋，其以臺灣牛腸熬煮而成，須提前預訂。熱炒方面則提供蔥爆牛心、醬爆牛脂膜等各類牛內臟。若鍾情傳統口味，則不妨點選臺南牛肉湯。,+886 6 297 0709,https://guide.michelin.com/tw/zh_TW/tainan-region/tainan/restaurant/gyu-go-zou
元味料理,大同區華陰街227巷2號,Taipei,$$,臺灣菜,坐落於臺北車站後的巷弄之中，雖沒有顯眼招牌，卻已經營逾七十載。內裡僅有四張桌子，陳設著老闆的木雕收藏品，恍若木雕藝術館。菜單包含二十多道菜色，以熱炒最受歡迎，尤其是元味炒飯與松坂肉，兩者皆滿有鑊氣，而且醬香味美。小店僅接受現金，並不設訂位，用餐時段須耐心輪候。,+886 2 2559 0721,https://guide.michelin.com/tw/zh_TW/taipei-region/taipei/restaurant/yuan-wei
仙香飲食店,甲仙區文化路75之1號,Kaohsiung,$$,臺灣菜,屹立半世紀，位處盛產檳榔芋頭與筍子的甲仙區，餐廳以當地名產入菜的菜式為招牌，芋頭筍絲扣肉和芋頭丸均值得一試，後者外層酥脆，內餡包有綿滑芋泥與香氣濃郁的蛋黃，十分滋味。店家更會以古早芋頭冰招待客人。山豬肉、鱸鰻等山產和溪產菜餚是此店特色，不妨點選一份山產，以及香氣濃郁的招牌薑黃雞。,+886 7 675 1142,https://guide.michelin.com/tw/zh_TW/kaohsiung-region/kaohsiung/restaurant/syan-syang
老爺美食館 (鳳山),鳳山區海洋一路54-56號,Kaohsiung,$,小吃,在鳳山區深耕近二十年，老爺美食館以焦糖燻鴨與香茅煎肉而廣為人知。其燻鴨選用北京鴨種以甘蔗糖燻，軟嫩多汁、香氣濃郁。香茅煎肉為老闆獨創，以臺灣溫體豬配以自家農場栽種的有機香茅烹煮，使五花肉片帶有獨特清香。此外，推薦加點熬煮四小時而成的魚湯，內含魚丸、魚皮與魚肉，真材實料且鮮味甘甜。,+886 7 765 8430,https://guide.michelin.com/tw/zh_TW/kaohsiung-region/kaohsiung/restaurant/lao-ye-mei-shi-guan-fengshan
開元紅燒土魠魚羮,北區開元路307號,Tainan,$,小吃,開業四十個年頭，無論甚麼時候都人潮不斷。雖是鐵皮小店，環境卻頗整潔。採用印尼的土魠魚，為了保持鮮甜滋味，魚肉只蘸上適量炸粉，整塊炸至金黃酥脆後，再切成小塊。羹湯則以扁魚、柴魚與蒜頭酥為基底，風味厚實，搭配清爽的豆芽菜，口感富有層次。炸土魠魚皮為限量供應，想吃需碰碰運氣。,+886 6 237 3195,https://guide.michelin.com/tw/zh_TW/tainan-region/tainan/restaurant/kaiyuan-fried-spanish-mackerel-thick-soup
秀明豬心冬粉,旗山區永平街41號,Kaohsiung,$,小吃,創立於1986年，採用半開放空間設計，環境雖小但整潔有序。提供各類豬內臟料理，可搭配麵食、冬粉或米飯。其中，豬舌鮮嫩厚實，加上蒜泥享用，額外美味。其月見肉燥飯亦很受歡迎，肉燥純以瘦肉熬煮，有別於其他作法，配上油亮的半熟煎蛋，絲滑的蛋液混合鹹香米飯，令人回味無窮。,+886 7 662 4625,https://guide.michelin.com/tw/zh_TW/kaohsiung-region/kaohsiung/restaurant/hsiu-ming
菇神 (新社),新社區協中街287號,Taichung,$$,臺灣菜,三代經營香菇事業的老闆，於新社這個香菇盛產地，創立出的香菇主題餐廳。採用半自助服務，氣氛輕鬆。招牌菜原木冬菇土雞雞湯，以半野生原木冬菇及多種菇類熬煮湯底，濃郁香醇。另有各式加入菇類的臺菜，如鹹香滋味的三杯猴頭菇，以及用料豐盛的花菇肉燥飯。鄰近大坑與新社花海，值得休閒造訪。,+886 4 2582 2585,https://guide.michelin.com/tw/zh_TW/taichung-region/taichung/restaurant/master-of-mushroom
16 by Flo,大安區和平東路二段118巷4之1號,Taipei,$$$$,時尚法國菜,法籍女主廚離開侯布雄後，於2023年自立門戶，供應以勃根地菜色或食材作為設計重點的傳統法餐，菜色風味上帶有女性色彩，其中魚子醬與螯達韃靼不僅開胃，更令人回味無窮。菜單也包含法國起司，令餐點編排充滿經典法式元素。整室佈置簡約，設一張十六人長桌，讓賓客於同一時間共席用餐。,+886 2 2738 0688,https://guide.michelin.com/tw/zh_TW/taipei-region/taipei/restaurant/16-by-flo
陽明春天 (士林),士林區菁山路119之1號,Taipei,$$$,素食,餐廳外的石礫步道，傍以兩側的松樹盆景，雅致且富禪意。本著「不時不食、以食養身」的宗旨，主廚依當日採買的食材，炮製出融合西式與日式風格的佳餚，並提供三種不同價位的套餐。招牌猴頭菇排料理經繁複工序烹製，口感彈嫩，欲品嚐者可於訂位時查詢。席間奉上臺灣茶品供飲，細膩之處令人心曠神怡。,+886 2 2862 0178,https://guide.michelin.com/tw/zh_TW/taipei-region/taipei/restaurant/yangming-spring-shilin
牛老大涮牛肉 (自強二路),前金區自強二路18號,Kaohsiung,$$,臺灣菜,創辦人以販售傳統臺南牛肉湯起家，其後開設此店，將本土溫體牛肉結合日式涮涮鍋。現宰牛肉每天由臺南直送到店，再手切處理，肉質鮮嫩，搭配店家特調醬汁，滋味非凡。鍋底則用牛大骨、新鮮高山蔬果熬煮而成，不加味精，口感清爽甘甜。同時提供多款牛肉料理，特別推薦炒牛筋。由於價格實惠，總是人潮不斷。,+886 7 281 9196,https://guide.michelin.com/tw/zh_TW/kaohsiung-region/kaohsiung/restaurant/beef-chief-zihciang-2nd-road
捌伍添第,信義區信義路五段7號85樓 (台北101),Taipei,$$$,粵菜,2021年開幕，裝潢以橄欖綠結合黃銅色為主，搭配大理石桌面、花紋地毯與絨面沙發，環境高雅舒適。來自香港的主廚烹調粵菜五十年，不論是料理傳統菜色或復刻老菜都得心應手：添第叉燒皇軟嫩多汁，帶淡淡中藥香氣；添第濃湯佛跳牆則結合了港式煲湯與臺式佛跳牆，風味獨特。建議預訂窗邊位置以飽覽迷人景觀。,+886 2 8101 0085,https://guide.michelin.com/tw/zh_TW/taipei-region/taipei/restaurant/85td
海光俱樂部中餐廳,左營區南大路4號,Kaohsiung,$$,江浙菜,餐廳前身為軍官招待貴賓的俱樂部，現搖身一變成為廣受歡迎的江浙菜館。廚房團隊為江浙菜餚注入京川特色，風味獨特，豆瓣鱸魚、香甜軟嫩的柳橙排骨均值得一試。另推薦招牌蔥油餅，酥香的餅皮內鋪滿了青蔥，香氣濃厚。用餐空間裝潢簡約，並設有包廂。注意僅收現金，如欲於周末前往，建議訂座。,+886 7 582 1516,https://guide.michelin.com/tw/zh_TW/kaohsiung-region/kaohsiung/restaurant/hai-guang
鄭家切仔麵,鹽埕區新樂街201巷5號,Kaohsiung,$,麵食,若不是有傳統花色大理石地磚，以及盛載食物的懷舊瓷器，單看明亮又乾淨的用餐環境，很難相信此小店已在小吃店林立的鹽埕區經營逾八十年。切仔麵湯頭以大骨、雞肉和蔬菜熬煮而成，令湯麵味道得以昇華。豬雜及各種新鮮食材均每天採買，前者不能錯過；而時價的仿土雞肉亦是招牌，值得一試。,+886 7 561 0706,https://guide.michelin.com/tw/zh_TW/kaohsiung-region/kaohsiung/restaurant/cheng-s-noodles
木公麥面,東區富貴街37號,Taichung,$,麵食,店名由「松麵」分拆而來，以紀念店主岳父阿松師的江浙麵館。木製匾額高掛大門上，加上核桃木窗框、書法字體菜單、帶囍字的瓷碗，以及擺放於牆上的古書，充滿雅致氣氛。食物方面，帶彈性的麵條搭配香醇湯頭，特別推薦榨菜肉絲麵和排骨麵，建議點選口味細膩的滷菜，完整體驗傳統古早滋味。,+886 4 2360 7737,https://guide.michelin.com/tw/zh_TW/taichung-region/taichung/restaurant/mu-gong-noodles
Nibbon,鼓山區龍水二路9號,Kaohsiung,$$$$,時尚歐陸菜,老闆曾經營法式小酒館，自日本進修返臺後，開設了這家餐廳，並以日文「日本」一字為名。菜色融合在地蔬食、日本海鮮及法、義兩地料理手法，呈現和洋風美食。著重海鮮的套餐每兩個月更換菜色，但主餐後總會有結合義大利燉飯與日式雜炊的暖胃料理。餐廳不設招牌，裝潢舒適，仿如日式民宅。必須於網上訂座。,+886 7 586 9570,https://guide.michelin.com/tw/zh_TW/kaohsiung-region/kaohsiung/restaurant/nibbon
好蟳屋,三民區建工路696號,Kaohsiung,$$,海鮮,餐廳開業三十餘年，老闆兼主廚出生於澎湖，每天兩次從其家鄉空運食材到店。店家以處女蟳菜色聞名，推薦以鹽焗方式烹調，其蟹黃飽滿，香甜味美。多道澎湖道地菜餚亦具水準：黑糖小章魚帶有黑糖香氣且鮮嫩非常；鹽酥魚尾則鹹香酥化，叫人想一試再試。以澎湖特產冷泡而成的風茹茶別具特色，不妨點選佐餐。,+886 7 386 5699,https://guide.michelin.com/tw/zh_TW/kaohsiung-region/kaohsiung/restaurant/good-crab-house
EMBERS,大安區仁愛路四段122巷24號,Taipei,$$$$,時尚臺灣菜,室內設計樸實而充滿細節，呈現出與土地的連繫。吧檯上方的鳥巢形裝飾由柳杉製成，靈感來自原住民的獵寮，藉此介紹寶島的原始之美。主廚擺脫西餐思維，大量取材山林、原野或部落，並採用檳榔、醃魚、小米、豆棗等在地食材。他也會依據時令，更改十二道菜菜單的內容，並破格地以土鍋現煮的臺灣米飯作主食搭配。可預訂素食風味菜單。,+886 2 7751 5598,https://guide.michelin.com/tw/zh_TW/taipei-region/taipei/restaurant/embers
小品雅廚,中山區中原街130號,Taipei,$$,臺灣菜,以清粥小菜形式由晚間營業至清晨，每日提供20多道家常臺式料理，選擇多元，且多為每天新鮮製作，並根據季節調整食材。菜餚主要以冷菜呈現，份量精巧，客人可以挑選清粥或白飯搭配。紅燒蹄膀鹹而不膩，帶有醬香，是佐粥的好菜。乾燒茄子、滷白菜等也十分推薦。小店人流不斷，是許多在地人的宵夜熱選。,+886 2 2592 9924,https://guide.michelin.com/tw/zh_TW/taipei-region/taipei/restaurant/xiao-ping-kitchen
小樂沐,西區存中街59號,Taichung,$$$,時尚法國菜,位於寧靜的小巷之中，室內裝潢結合木材與金屬元素，配上引人注目的吊燈，締造優美舒適的用餐環境。從品嚐菜單的現代法國美食中，不難發現主廚運用香料和時令蔬菜的心思。所有座位皆能看到開放式廚房裡的料理過程，如果想與廚師有更多互動，不妨選擇吧檯位置。午餐時段提供葡萄酒和非酒精飲品的搭配。,+886 4 2375 3002,https://guide.michelin.com/tw/zh_TW/taichung-region/taichung/restaurant/le-cote-lm
阿村牛肉湯 (保安路),中西區保安路41號,Tainan,$,小吃,始於1968年，現在由第三代接手經營，是府城知名的牛肉湯老店，完整呈現臺南式甘甜口味。牛肉湯湯頭用牛大骨與蔬果熬製，把手切牛肉置之燙至半熟，搭配自家調配的甜油膏與薑絲，更顯肉香味甜。另外，高麗菜炒牛肉為店內招牌菜，值得一試。設晚間及凌晨兩個營業時段，食材售罄便會提早關門。,+886 6 229 3908,https://guide.michelin.com/tw/zh_TW/tainan-region/tainan/restaurant/a-cun-beef-soup-baoan-road
月夜岩,中山區雙城街25巷9號,Taipei,$$$$,日本菜,臺灣首間以日本螃蟹為主題的懷石餐廳，由具二十多年的日籍料理長帶領，提供進口松葉蟹和帝王蟹，以及季節限定的毛蟹及河豚。共四種價位的懷石套餐份量精緻，以不同料理方式凸顯蟹之美味，其土鍋飯令人難以忘懷。庭院充滿日式風情，設板前座位和十二間以日本古代月份命名的包廂，極其雅致。建議於一周前訂位。,+886 2 2585 9221,https://guide.michelin.com/tw/zh_TW/taipei-region/taipei/restaurant/tsuki-yo-iwa
承,前鎮區中華五路806號2樓,Kaohsiung,$$$$,日本菜,日本「傳」(Den)的首間海外姊妹店，由副主廚來臺坐鎮，多道佳餚在細膩之中融入活潑風格。廚師會因應時令，於臺灣各處海港、小農取材。野菜沙拉與釜飯均叫人回味，前者以不同烹調手法料理十多種蔬果，為野菜注入新靈魂。同時提供多款臺灣茶飲，塑造更完整的味覺之旅。餐廳入口隱密，建議預先查詢。,無法取得,https://guide.michelin.com/tw/zh_TW/kaohsiung-region/kaohsiung/restaurant/sho
美享地,鼓山區龍德新路222號11樓 (萬豪酒店),Kaohsiung,$$$,時尚法國菜,裝潢富麗堂皇，氣氛浪漫，適合伴侶共聚，也可為慶祝場合錦上添花。餐廳由年輕團隊打理，單一套餐隨著季節更迭，菜色風格結合日本料理和創新意念。餐廳坐落愛河旁邊，餐後不妨沿河散步，欣賞迷人的燈光水影。,+886 7 559 6911,https://guide.michelin.com/tw/zh_TW/kaohsiung-region/kaohsiung/restaurant/majesty
弄盞欣悅,左營區文奇路215號,Kaohsiung,$$$$,時尚歐陸菜,置身寧靜住宅區內的私人酒窖之中，餐室一面牆以軟木塞壓製而成，風格簡約。提供無菜單歐陸料理，主廚巧妙將亞洲元素與臺灣食材融合其中，套餐以時令食材製作，並提供豬、牛或龍蝦三款主菜選擇，主菜後更特別加插咖哩飯，令整個套餐洋溢亞洲風味。須經社群媒體訂位，餐廳也能按需求為團體規劃相應菜單。,無法取得,https://guide.michelin.com/tw/zh_TW/kaohsiung-region/kaohsiung/restaurant/opus-one-yin-yue
橋仔頭黃家肉燥飯 (橋頭),橋頭區橋南路106號,Kaohsiung,$,小吃,坐落於歷史悠久的橋頭老街，餐廳創立超過一甲子，眾多食客專程慕名到訪，品嚐南臺灣式肉燥飯。滷肉以肩胛肉、三層肉手工切丁後滷製，肥瘦各半，軟嫩不膩口，搭配香菜與米飯享用，滋味樸實。此外，古早風味的肉羹、每日新鮮處理的綜合切料等也深受老饕歡迎，十分適合配飯。不定休，建議先致電詢問。,+886 7 612 3253,https://guide.michelin.com/tw/zh_TW/kaohsiung-region/kaohsiung/restaurant/ciao-zai-tou-huang-s-braised-pork-rice-ciaotou
三好一公道當歸鴨,中西區府前路一段2號,Tainan,$,小吃,小店於1949年開業，其後遷到現址，並交由第二代經營，延續創辦人的手藝。菜品品項不多，以當歸鴨麵線聞名，其中又以當歸鴨腿麵線最受歡迎。其湯頭以當歸、甘草等熬煮，溫潤回甘；鴨肉則選用每日採買的溫體菜鴨，燉煮至軟嫩，搭配保有口感的紅麵線，簡單卻滋味悠長。鴨腿經常早早售罄，建議致電預留。,+886 6 220 6858,https://guide.michelin.com/tw/zh_TW/tainan-region/tainan/restaurant/san-hao-yi-kung-tao-angelica-duck
橡木炙烤牛排館,南屯區益豐路四段699號,Taichung,$$$,牛排屋,環境寬敞雅致，引人注目的熟成玻璃室設於中央位置。菜單網羅不同部位的牛排，分別來自美國、澳洲及日本，亦有自家乾式熟成品項，搭配龍眼木烤製，讓肉香氤氳滿室。為增添新意，餐廳會不定期更新前菜品項。友善的服務團隊會詳盡解釋牛排種類、口感，並提出熟度建議，助客人根據喜好作出選擇。,+886 4 2383 0258,https://guide.michelin.com/tw/zh_TW/taichung-region/taichung/restaurant/meatgq
Apis Grill,三民區褒揚東街80號,Kaohsiung,$$,燒烤,坐落於巷弄之間，推開大門，映入眼簾的是奪目的窯爐和大型炭火燒烤爐。主廚擁有二十多年烹調歐陸菜經驗，擅於以醬料為食材添新意。從蔬食、海鮮乃至肉品，均以炭火烹調，菜單每兩至三周便會更新。不要錯過大受歡迎的紐西蘭鹿肉和別具風味的鮑魚。菜色份量精巧，適合好友相聚或單人前往。,+886 975 079 591,https://guide.michelin.com/tw/zh_TW/kaohsiung-region/kaohsiung/restaurant/apis-grill
東方龍,南屯區公益路二段271之1號,Taichung,$$,臺灣菜,餐廳裝潢充滿中式元素，採用紅色燈籠和桌椅，洋溢喜慶氛圍，特別適合婚宴或商務聚會。餐廳在2022年更換了經營團隊，但廚房團隊繼續留任，食物的味道和水準依然。菜單仍以臺灣經典家常菜為主，佐以少許四川創新菜餚。熱門菜色包括三杯豬腳、古早味醬筍蒸午仔魚、東港櫻花蝦炒飯等。,+886 4 2252 3366,https://guide.michelin.com/tw/zh_TW/taichung-region/taichung/restaurant/orient-dragon
昶鴻麵點,萬華區華西街15號171號攤 (華西街夜市),Taipei,$,麵食,開業近半世紀，以招牌湯麵及古早風味的菊花肉麵最受歡迎。小菜中，白斬土雞及豬尾巴為熱門之選。,無法取得,https://guide.michelin.com/tw/zh_TW/taipei-region/taipei/restaurant/chang-hung-noodles
小王煮瓜,萬華區華西街17之4號153號攤 (華西街夜市),Taipei,$,小吃,有「黑金」之稱的滷肉飯入口黏稠，甜而不膩。清湯瓜仔肉湯頭清香回甘，肉塊更保有嚼勁。,+886 2 2370 7118,https://guide.michelin.com/tw/zh_TW/taipei-region/taipei/restaurant/hsiao-wang-steamed-minced-pork-with-pickles-in-broth
富鼎旺 (中區),中區臺灣大道一段560號,Taichung,$,臺灣菜,店內裝潢樸實，客人先在門前點餐，再由服務人員協助入座，氣氛輕鬆隨意。這裡的滷豬腳、腿扣、腿節等做法與坊間有別，以醬油、紅蔥酥、糖和辣椒等代替中藥材，以小火燉煮。豬腳口感軟滑而且鹹香入味，搭配店家製作的辣椒醬，額外美味。同時提供魯肉飯、潤油豆腐等食品，全都價廉物美。,+886 4 2225 3188,https://guide.michelin.com/tw/zh_TW/taichung-region/taichung/restaurant/fu-din-wang-central
雅閣,松山區敦化北路158號3樓 (文華東方酒店),Taipei,$$$$,粵菜,走過佈滿古董飾品的小長廊，便會來到這方正的餐室，四周以華麗布藝和木屏風裝飾，格調典雅。由香港主廚帶領的團隊帶來一系列傳統粵菜，在細膩處彰顯烹飪功力。脆皮雞等經典菜尤其值得一試，中午更提供精美點心。服務團隊會為客人建議用餐安排，菜色更能調整分量，不論是單獨前往或多人聚餐，都能感到賓至如歸。,+886 2 2715 6788,https://guide.michelin.com/tw/zh_TW/taipei-region/taipei/restaurant/ya-ge
施家鮮肉湯圓,大同區延平北路三段58號,Taipei,$,小吃,創立於1960年代，全年供應苗栗客家風味的鹹湯圓。第二代店主依循其母親的食譜，選用一年以上的舊圓糯米，製作軟糯可口的糯米皮，並包入飽滿的黑豬肉和爽脆蔬菜，一口咬下肉汁隨之流出。湯頭帶有冬菜與柴魚香氣，滋味無窮。店內除了客家美食，還有各類閩南與地方小吃，選擇多元豐富。,+886 2 2585 7655,https://guide.michelin.com/tw/zh_TW/taipei-region/taipei/restaurant/shih-chia-big-rice-ball
真的好海鮮,大安區復興南路一段222號,Taipei,$$$$,海鮮,餐廳歷史悠久，店如其名，提供種類繁多的上乘海鮮，是本地人宴請與商務聚會的熱門場所。備有不同價位的個人套餐，但建議親自到魚缸前挑選時令海鮮，並由服務人員介紹最合適的烹調方式和點餐分量。野生烏魚子、竹筍沙拉、鹽焗處女蟳均是推薦菜色。店家亦有販售花枝丸、烏魚子等產品。,+886 2 2771 3000,https://guide.michelin.com/tw/zh_TW/taipei-region/taipei/restaurant/really-good-seafood
鮨隆,中山區新生北路二段60之5號,Taipei,$$$$,壽司,壽司吧檯以數百年加拿大木材製造，一室淡雅，是傳統壽司店風格。餐廳2017年才開業，可主廚兼老闆有穩紮經驗，師從日本師傅，曾先後效力城中多家知名壽司店近三十年。選料嚴謹，米飯以北海道七星米及三種日本醋混合而成，且每週多次從日本各地進口新鮮海產。只供應無菜單料理，其中秋冬供應的鮟鱇魚肝壽司是廚師拿手之作。,+886 2 2581 8380,https://guide.michelin.com/tw/zh_TW/taipei-region/taipei/restaurant/sushi-ryu
謙安和,大安區安和路一段127巷4號,Taipei,$$$$,日本菜,僅提供無菜單料理，根據時令食材和當日新鮮到店的魚類而定，為客人帶來驚喜和新鮮感。中午供應以生食為主的手握壽司套餐，晚間則是割烹料理。不論哪個類型，不時不食是料理長和知軍雄的烹調宗旨。菜單內椀物中的真丈以當季食材製作，搭配清澈淡雅的柴魚昆布高湯，細節中見功夫，值得期待。,+886 2 2700 8128,https://guide.michelin.com/tw/zh_TW/taipei-region/taipei/restaurant/ken-an-ho
明福台菜海產,中山區中山北路二段137巷18之1號,Taipei,$$$,臺灣菜,來到明福，一定會被餐廳熱絡的氣氛感染。這裡主要提供家常臺灣菜，份量適合和親朋好友分享，尤其是須預訂的招牌菜一品佛跳牆，其用料與傳統有別，以松茸、銀杏、鮑魚等食材取代炸排骨酥和芋頭，湯頭呈清澈琥珀色且滋味鮮甜。此外，野菜山蘇與烏魚腱料理都是熱門菜色。但座位有限，建議訂位。,+886 2 2562 9287,https://guide.michelin.com/tw/zh_TW/taipei-region/taipei/restaurant/ming-fu
Forchetta,西屯區惠中七街36號2樓,Taichung,$$$,時尚歐陸菜,曾於臺北經營十多年，其後遷到臺中，但仍然保留過往的風格。主廚醉心花藝，餐廳採用落地玻璃，透視戶外的盆栽與大樹，一片綠蔭令人心曠神怡。同時尊重時令及在地食材，會根據當天採買到的材料，變化出多款前菜。主菜則提供六種選擇，其中，鴨心與鴨胗佐鴨間稻燉飯糅合了臺灣與西方料理特色，值得一試。,+886 4 2255 8111,https://guide.michelin.com/tw/zh_TW/taichung-region/taichung/restaurant/forchetta
順德牛肉湯,學甲區民權路59號,Tainan,$$,小吃,開業近三十年，環境簡樸明亮，選用每天從屠宰場直送的臺灣牛肉，再由老闆娘現場處理。牛肉湯是店內招牌，湯頭以牛大骨與牛筋慢火熬煮七至八小時，味道溫潤鮮美。建議點選中碗以上份量，可以品嚐到較上乘的牛肉部位，也可向老闆娘請教最佳到店時間來避開人潮。若想享用完整餐點，不妨搭配熱炒牛肉料理和肉燥飯。,+886 6 782 0161,https://guide.michelin.com/tw/zh_TW/tainan-region/tainan/restaurant/shun-te-beef-soup
INITA,松山區八德路三段12巷52弄1號,Taipei,$$$$,時尚義大利菜,餐廳名字由Italy、Nippon、Taiwan組成，寓意融合三地飲食文化。日籍主廚透過採用在地食材的單一套餐，呈現其對三地的理解和關切，如主菜「再看見台灣」用上玉露鴨和合鴨米等，重現紀錄片《看見台灣》的田野景色。義大利麵為現場桿製，滋味甚佳。主廚與顧客的互動富有趣味和劇場感，猶如喜劇廚藝秀。訂位資訊不定期公佈，須提前安排。,+886 2 2577 0886,https://guide.michelin.com/tw/zh_TW/taipei-region/taipei/restaurant/inita
秋,三民區九如一路815號2F (御盟國際驛館),Kaohsiung,$$$,現代菜,選址於酒店式公寓內，裝潢以橘紅色為主，映襯富現代氣質的燈飾，環境舒適優雅。臺灣主廚具備營養學背景，以營養與健康為導向，結合在地食材與各國烹飪元素設計菜單。套餐風格精簡但細緻，不論午、晚間到訪，都能享用到相同的饗宴，且價格相對實惠。設有大小不等的包廂，加上親切有禮的服務，適合商務或親友聚會。,+886 7 974 1218,https://guide.michelin.com/tw/zh_TW/kaohsiung-region/kaohsiung/restaurant/cho
Ad Astra,中山區中山北路二段45巷23號,Taipei,$$$$,時尚歐陸菜,門外沒有顯著招牌，須按下門鈴再由服務人員接待。提供十道菜的無菜單套餐，歷練豐富的美籍主廚選取亞洲食材，結合歐陸技法和日本元素，令每道菜色均呈現大量細節與風味，尤其主餐後的釜飯料理叫人期待。無酒精調飲用上了主廚自製的醃漬蔬果，值得一試。另提供十四道菜的套餐，僅供四人座位與包廂顧客享用，須提前預訂。,無法取得,https://guide.michelin.com/tw/zh_TW/taipei-region/taipei/restaurant/ad-astra-1206669
橄饗家,安平區安北路590號,Tainan,$$$,西班牙菜,西班牙主廚原經營食材貿易，為了推廣家鄉美食而開設餐館，並落腳於妻子出生地。提供一系列經典佳餚，用料上乘，海鮮更是由主廚親自到安平港挑選。服務團隊會細心介紹菜色，令人感到賓至如歸。酒單涵蓋西班牙的啤酒、葡萄酒、利口酒與調酒。晚上不妨在戶外庭院用餐，感受恍如身處歐洲鄉郊的悠閒。,+886 6 391 1687,https://guide.michelin.com/tw/zh_TW/tainan-region/tainan/restaurant/como-en-casa-gourmet
和蒔炭火割烹,中山區長安東路二段36巷1號,Taipei,$$$,日本菜,店名為「和食」的諧音，由具二十多年日菜經驗的阿美族料理長掌杓，以炭火燒製新鮮魚料。食材多為在地出品，部分更源自料理長的臺東老家，甚至由他親自採集；他更自製具特色的鹽品，讓客人認識原住民的獨特食材。供應單一套餐，如欲品嚐更高價或多樣的食材，可於訂位時提出。店內用餐氛圍熱絡。,+886 2 2542 7700,https://guide.michelin.com/tw/zh_TW/taipei-region/taipei/restaurant/wamaki
甘旨,東區崇仁街58號,Tainan,$$$$,日本菜,來自香港、曾於澳門及日本工作的料理長，因愛上臺南的慢步調而選擇在這個城市開店。帶有日式氛圍的木造裝潢，加上精緻的器皿，充分展現餐廳對細節的講究。供應主廚特製套餐及握壽司套餐：前者包括生魚片、割烹菜色、天婦羅與壽司，皆以時令食材製作；後者份量精簡，適合胃口較小的客人。,+886 6 267 8818,https://guide.michelin.com/tw/zh_TW/tainan-region/tainan/restaurant/kanshi
祥和蔬食 (中正),中正區鎮江街1巷1號,Taipei,$$,素食,半露天的格局令室內明亮寬敞，牆壁綴有來自各地的佛教壁畫，環境氣氛祥和。作為全臺首家四川風味的素菜餐廳，店家跳脫素菜傳統的清淡口味，在菜色中加入麻、辣、辛、香風味，並可調整成全素或是蛋奶素。招牌餐點塔香脆腸將杏鮑菇切片後油炸，搭配九層塔炒香，風味與口感十足。,+886 2 2357 0377,https://guide.michelin.com/tw/zh_TW/taipei-region/taipei/restaurant/serenity
蘭,大安區安和路二段83號,Taipei,$$$$,現代菜,餐室以全黑的天花襯托金色裝飾，加上聚光燈照明，格調高雅，非常適合約會。新任日籍主廚的料理資歷豐富，到臺之前曾涉足澳洲、新加坡等地，並將寬廣的世界觀融入菜式創作當中。菜單網羅各國料理的精髓與技法，並以現代風味呈現。午間及晚間套餐均備有三種肉品主菜選擇，以滿足不同喜好。,+886 2 2378 3333,https://guide.michelin.com/tw/zh_TW/taipei-region/taipei/restaurant/orchid
大勇街無名鹹粥,中西區大勇街85號,Tainan,$,粥品,小店位於寧靜住宅區的鐵皮屋內，沒有招牌，卻總見排隊人潮，客人稱之為「大勇街無名鹹粥」。 提供臺南風格的鹹粥，在熟飯、虱目魚柳、鮮蚵上淋上滾燙的清澈高湯，米飯飽吸湯汁，且透著淡淡芹菜清香，十分滋味。且價格實惠，難怪深受歡迎。每月例休兩天，其餘不定休日子可於店面及社群媒體上確認。,+886 6 226 7028,https://guide.michelin.com/tw/zh_TW/tainan-region/tainan/restaurant/dayong-street-no-name-congee
Pàng,大安區文昌街181號,Taipei,$$,墨西哥菜,年輕的經營者受美國文化薰陶，加上曾在南美餐廳工作，因而創立此店。菜單簡潔，將經典餡料融入臺灣食材，並不定時推出限定口味。玉米餅皮每天新鮮製作，經多重繁瑣工序，將玉米風味完全呈現。胭脂樹籽手撕豬將燉煮豬肉、自製魔鬼椒莎莎醬，搭配以臺灣洛神花漬的紫洋蔥，層次分明，是店裡的熱門品項。,無法取得,https://guide.michelin.com/tw/zh_TW/taipei-region/taipei/restaurant/pang
笹鮨,中山區中山北路二段42巷6號,Taipei,$$$$,壽司,餐廳環境各項細節盡顯老闆心思，不論是椅子的高度、腳踏的寬度、或桌子的深度均經過精心計算，為求顧客用餐時舒適自在。食材主要自日本豐洲市場進口，並按種類施以不同的熟成和處理，例如鮪魚肚經櫻花木燻製，生筋子經去膜和醃製。餐廳定期邀請日本廚師作客，以提升員工技術。,+886 2 2561 1246,https://guide.michelin.com/tw/zh_TW/taipei-region/taipei/restaurant/sasa
Cha Cha Thé Cuisine,大安區復興南路一段219巷23號,Taipei,$$$,時尚法國菜,為「采采食茶」品牌的延伸，於2022年轉型成餐廳。牆壁由茶磚堆砌而成，層架以書籍和茶具點綴，環境優雅舒適。主廚擅長以法式料理手法，融合亞洲食材炮製出一道道佳餚。午間提供三至五道菜套餐，由顧客自選料理組合，晚上則供應季節性套餐。建議餐後點一壺來自臺東的紅烏龍，與甜點搭配起來相得益彰。,+886 2 2781 8289,https://guide.michelin.com/tw/zh_TW/taipei-region/taipei/restaurant/cha-cha-the-cuisine
正宗鴨肉飯,左營區裕誠路245號,Kaohsiung,$,小吃,小店的招牌為鴨肉飯：煙燻鴨肉香氣四溢，放於淋有特調醬汁的米飯上，味美誘人，限量的手切鴨肉腿尤其軟嫩多汁。除了米飯，亦可選美濃粄條、意麵及粉麵。綜合下水湯和豆菜系列菜色同樣美味，前者味道醇厚；後者搭配鮮嫩的鴨內臟、具胡椒辛香滋味。不定休，建議參考專頁的公告，並避開用餐時段前往。,+886 7 556 6428,https://guide.michelin.com/tw/zh_TW/kaohsiung-region/kaohsiung/restaurant/cheng-tsung-duck-rice
L'Atelier par Yao,太平區新福十六街68號2樓,Taichung,$$$,時尚法國菜,墨綠色窗簾、溫潤實木桌、職人手作食具，加上輕快的法語歌曲，營造出舒適的氣氛。年輕主廚由法國返臺，擅於運用本地和進口食材，透過亞洲烹調技巧呈現當代法國美食。其中珠雞和碳烤干貝特別叫人難忘。甜品均為現點現做，搭配即時採摘和沖泡的香草茶，為餐點畫下完美句號。建議預約吧檯位置，欣賞廚房裡的料理過程。,+886 968 059 811,https://guide.michelin.com/tw/zh_TW/taichung-region/taichung/restaurant/l-atelier-par-yao
湖東牛肉館,湖內區中山路一段107號,Kaohsiung,$$,臺灣菜,牛肉每日從臺南新鮮送達，再由廚師手切成略帶厚度的肉片。推薦點選涮涮鍋，湯頭以牛骨和蔬菜熬煮，鮮甜美味，把牛肉置於其中涮煮三至五秒，既能保留軟嫩口感，亦可品嚐到牛肉的天然滋味。店家亦推薦牛腩部位，帶牛筋的牛腩經烹調後，膠質變得滑嫩，十分可口。謹記提前訂位，並預留肉盤數量，以免向隅。,+886 7 693 0466,https://guide.michelin.com/tw/zh_TW/kaohsiung-region/kaohsiung/restaurant/hu-tung-beef
老烤箱,大安區瑞安街141號,Taipei,$$,義大利菜,主廚曾赴義大利拜師學藝，並以披薩作為此店的招牌，不少客人都被其手桿薄脆餅皮吸引而來。在眾多款式中，推薦經典的瑪格麗特，用料雖簡單，卻能突顯麵粉香氣；喜愛濃郁口味者，則不妨選擇熱門的松露小姐。米蘭慢燉小羊膝等菜餚亦富有義式風情，適合分享。酒單上亦備有一系列實惠的義大利佳釀。,+886 2 2706 3322,https://guide.michelin.com/tw/zh_TW/taipei-region/taipei/restaurant/antico-forno
錦霞樓,東區中華東路一段366號2樓 (南紡購物中心),Tainan,$$,臺灣菜,為了向阿霞飯店的創辦人吳錦霞致敬，第三代子弟於2015年開設錦霞樓。餐廳大門掛著紅色匾額，加上寬闊的用餐空間和包廂，甚具氣派，適合各式聚餐。菜單與阿霞飯店相似，但添加創新菜色，選擇相對多元。不妨以拼盤開啟筵席，當中的手工蝦棗和自製蟳丸都是熱門菜色。其他招牌菜包括紅蟳米糕和炭烤野生魚子。,+886 6 300 6789,https://guide.michelin.com/tw/zh_TW/tainan-region/tainan/restaurant/jin-xia
阿美飯店,中西區民權路二段98號,Tainan,$$,臺灣菜,裝潢明亮，氣氛雅致，餐廳創立初期所用的瓷盤現為店內陳設。一甲子以來，專於提供經典宴席料理及百年老菜，菜色忠於傳統，大廚秉承創辦人所學，並巧妙將食材鮮味與臺南式甘甜完美結合。推薦鎮店之寶、燉煮三小時而成的砂鍋鴨，適合多人分享；桂花干貝、洋燒花枝及肉米蝦也值得點選。不設電梯，長者宜預訂一樓座位。,+886 6 222 2848,https://guide.michelin.com/tw/zh_TW/tainan-region/tainan/restaurant/amei
滿堂,西區存中街39巷3號,Taichung,$$$,創新菜,滿堂於2021年搬進這座經改建的前美軍建築，保留老房的木屋簷與花窗，加上清水模牆面、木桌椅，以及窗外的綠蔭和陽光，營造舒適愜意的環境。菜單採單一套餐形式，通過創新的料理風格，呈現在地的食材與飲食文化，午間的四至五道菜套餐相當實惠。和在地茶館合作提供的冷泡茶搭配，也值得一試。,+886 910 833 755,https://guide.michelin.com/tw/zh_TW/taichung-region/taichung/restaurant/le-plein
源芳刈包,萬華區華西街17之2號161號攤 (華西街夜市),Taipei,$,街頭小吃,經營逾一甲子，刈包皮為店家特製，搭配軟嫩多汁的滷五花肉和配料，令人回味再三。四神湯也濃郁鮮美。,+886 2 2381 0249,https://guide.michelin.com/tw/zh_TW/taipei-region/taipei/restaurant/yuan-fang-guabao
古家海鮮,左營區德威街55號,Kaohsiung,$$,海鮮,有別於傳統海鮮餐廳，此店裝潢富現代感，附有大片綠色植栽，環境舒適。由兩父子攜手經營，這裡的菜色名稱詼諧有趣，並大膽融入西式食材，例如招牌墨魚汁炒飯，是用松露油與墨魚汁拌炒而成。海膽滑蛋採用飽滿的澎湖海膽，鮮味十足，十分推薦。不妨留意黑板上的當日限定美食。週末宜提前訂位。,+886 7 550 8687,https://guide.michelin.com/tw/zh_TW/kaohsiung-region/kaohsiung/restaurant/kuca-seafood
阿文米粿,中西區保安路74號,Tainan,$,小吃,在小吃老店林立的保安街上，阿文米粿相對年輕，由老闆為了延續奶奶的烹飪手藝於2016年創立。老闆挑選兩年的舊在來米製作米漿，加入三種不同比例的地瓜粉，最後混以肉燥，先蒸再煎至金黃酥脆，軟嫩而富米香。提供五種吃法，推薦搭配筍絲肉醬汁的招牌米粿。嗜辣者不妨添加店家特製的辣椒醬。,+886 906 884 704,https://guide.michelin.com/tw/zh_TW/tainan-region/tainan/restaurant/a-wen-rice-cake
豬肉榮小料理,東區復興路四段17巷10之2號,Taichung,$$,亞洲菜,餐廳藏身在工廠旁，從小巷弄進入，看到以木材為主的店面，散發著日式小食堂的氛圍。主廚以融合臺、日、西式的料理手法，製作充滿創意和巧思的菜色，分量小巧，適合單人享用或三兩朋友小聚。其中，櫻花蝦滷肉飯以肥而不膩的手切滷肉，搭配薏仁與酥香的櫻花蝦，滋味獨特。須提前訂位，且僅收現金。,無法取得,https://guide.michelin.com/tw/zh_TW/taichung-region/taichung/restaurant/rong-cuisine
米院子油飯,新興區南海街30號,Kaohsiung,$,小吃,店主曾於中部市場販售油飯十餘年，於2021年開設這家小店。大理石地磚、古董車、蕨類植物妝點於院子各個角落，營造獨特且舒適的用餐環境。推薦其鴨肉油飯，以長糯米、純麻油、薑與去骨鴨肉拌炒而成，米粒帶彈性，入口毫不油膩，備有兩種份量選擇。芋頭排骨湯鹹香可口，搭配鹿野的蜜香紅茶，組成美滿的一餐。,+886 7 222 6699,https://guide.michelin.com/tw/zh_TW/kaohsiung-region/kaohsiung/restaurant/mi-yuan-tzu-steamed-glutinous-rice
阿香的廚房,美濃區中山路二段629號,Kaohsiung,$$,臺灣菜,布農族主廚原本在山上經營餐廳，遭受八八風災後搬到現址，繼續提供原住民美食，並選用家鄉藤枝山的食材入菜。招牌菜小米粽軟糯可口，充滿肉香及櫻花蝦的鮮味，不容錯過。喜歡酸甜味道的，不妨試試梅汁雞和梅汁豆腐，前者用在地土雞及紫蘇烹煮，後者則外酥內嫩，帶梅果香的醬汁別具風味。,+886 7 681 7212,https://guide.michelin.com/tw/zh_TW/kaohsiung-region/kaohsiung/restaurant/ibu-kitchen
JL STUDIO,南屯區益豐路四段689號2樓,Taichung,$$$$,"新加坡菜, 時尚菜",新加坡主廚以其英文名字Jimmy Lim為餐廳命名，其獨到的烹飪靈感和創意，源自過往在歐陸餐廳累積的豐富經驗，還有父親經營過的美食小販攤位。品嚐菜單富原創性，結合在地食材、法式料理技巧和新加坡飲食文化，加上各種香料搭配平衡，使菜色味道精巧細緻，且極富層次。相得益彰的是服務同樣出色，令人感覺溫暖。,+886 4 2380 3570,https://guide.michelin.com/tw/zh_TW/taichung-region/taichung/restaurant/jl-studio
梵燒肉,大安區敦化南路一段235號2樓,Taipei,$$$,燒烤,日本Yoroniku的姐妹店，環境典雅。建議選坐吧檯位置，方便向服務人員了解肉品知識。提供多款日本和牛部位，由廚師團隊自行切割。其中翼板肉烤至恰到好處，搭配醬汁和有機蛋黃，味道、口感均達致平衡。精力湯中的牛舌軟嫩可口、肉味濃郁，不容錯過。另備有三明治、米飯、麵食等隱藏菜單，不妨於預訂時查詢。,+886 2 2771 0597,https://guide.michelin.com/tw/zh_TW/taipei-region/taipei/restaurant/vanne-yakiniku
溫叨,北屯區太原路三段191號,Taichung,$$,臺灣菜,店名「溫叨」是臺語「我家」的諧音，提供古早味臺灣料理。餐廳位於紅磚堆疊的傳統三合院之中，包廂裡有舊日的床組與裝飾，客人也可以在院子享用餐點，氣氛就像辦桌般熱絡。推薦菜色包括三杯料理，以及辛辣鹹香的古法剁椒鱸魚。另一特色菜為柴燒桶仔雞，在院中用柴火燒烤四十分鐘而成，須提前預訂。,+886 4 2231 1699,https://guide.michelin.com/tw/zh_TW/taichung-region/taichung/restaurant/wen-tao
軟食力,中山區民權東路二段135巷30弄21號,Taipei,$,小吃,這家文青風格的早餐店，於2017年創立後歷經搬遷，最終落腳行天宮旁的巷弄之中。小店以南臺灣的軟式粉漿蛋餅為特色，夾入客人自選的配料，煎至表皮酥脆、內餡軟嫩，為臺式傳統早餐注入新滋味。也提供飯糰與饅力堡，後者以黑糖饅頭取代漢堡麵包，經典之餘帶有創意巧思。餐點現點現做，須耐心等待。,+886 2 2502 9543,https://guide.michelin.com/tw/zh_TW/taipei-region/taipei/restaurant/soft-power
ÉCRU,大安區敦化南路一段177巷19號,Taipei,$$$$,創新菜,主廚來自福岡，帶著在東京和臺北累積的餐飲經驗創辦此店，希望為客人呈現純粹的法式料理，正如店名在法文中代表「誠實」和「自然」的意思。他採用正宗法菜食譜，配上日本進口的時令食材，加上從九州等地採購的餐具和陶器，使菜色透出一絲日本風味。僅提供一份固定菜單，餐酒搭配包含多國的葡萄酒及清酒。,+886 2 2779 0146,https://guide.michelin.com/tw/zh_TW/taipei-region/taipei/restaurant/ecru
賣塩順,鼓山區青海路173號,Kaohsiung,$$,臺灣菜,臨近高雄市立美術館，店內可見各式復古物品，包括黑膠唱片、宣傳照片與老舊農具，環境既懷舊又舒適。菜色以傳統家常臺菜為主，適合親友聚會。其中老薑炒雞腿用上三杯作法，雞肉帶誘人的麻油香、醬香和九層塔香氣，風味濃郁，雖然製作耗時但值得等待。周末會推出限定菜餚。,+886 7 553 0668,https://guide.michelin.com/tw/zh_TW/kaohsiung-region/kaohsiung/restaurant/mai-yen-shun
俺達的肉屋,西區公益路194之1號,Taichung,$$$,燒烤,於2021年遷至十五步外之新址，採用簡約的木質裝潢，而且總能看見主廚或團隊與顧客交談，營造出輕鬆的用餐氛圍，適合知己聚會。主廚對牛肉充滿熱情，對牛隻結構、肉品切割，甚至內臟處理都經驗豐富。每月嚴選不同地區的日本和牛，讓客人品嚐到各種特殊部位。建議把喜愛的口感和部位告知店家，請對方搭配或推薦。,+886 4 2325 0588,https://guide.michelin.com/tw/zh_TW/taichung-region/taichung/restaurant/oretachi-no-nikuya-1195583
鳥苑,西區忠明南路48號,Taichung,$$,日本菜,老闆兼主廚曾赴日本進修，回臺灣後開設這家餐廳。室外築起小型日式庭院，用餐區設板前座位，讓顧客看到烤台上處理食材的過程，處處彰顯用心。主打燒鳥，採用臺灣桂丁雞，每日新鮮現切。套餐包含多種烹調技法的料理，也可加點特殊部位。欲品嚐雞肉刺身、乳鴿、烏骨雞等建議預先致電詢問。,+886 4 2326 2080,https://guide.michelin.com/tw/zh_TW/taichung-region/taichung/restaurant/yakitori-wine
蒔,大安區濟南路三段39-1號,Taipei,$$$$,日本菜,以「蒔」為名，取其栽種之意，與入口處的日式庭院造景互相呼應，環境雅致。菜色以割烹料理為主軸，並安排壽司穿插其中，廚師也按在地人的喜好作口味上的調整。除了日本食材，也採用臺灣東北角的海鮮，並根據時令變更每日菜單，當中以煮物尤其令人驚艷。套餐份量豐富，可提前與店家商量作彈性處理。,無法取得,https://guide.michelin.com/tw/zh_TW/taipei-region/taipei/restaurant/shi
泔,大安區和平東路二段175巷12號,Taipei,$$,臺灣菜,「泔」在臺語是「米湯」的意思，表明「米」就是此店的靈魂。店家致力推廣臺灣米食，走訪全臺米農，讓客人每次到訪都有不同的米種體驗，並積極實踐六大綠色宣言，支持有機小農與在地作物。餐廳每天提供一款定食料理，包括三菜一湯、飲品與甜點，均講求自然和健康。客人可於每個周末查看下周菜單，欲到訪須提前預約。,+886 905 244 754,https://guide.michelin.com/tw/zh_TW/taipei-region/taipei/restaurant/taiwan-rice-dining-hall
可口牛肉麵,西屯區大墩路911號,Taichung,$,麵食,由夫妻檔經營，裝潢潔淨明亮，讓客人在舒適的環境下享用麵食。特別推薦紅燒半筋半肉牛肉麵，湯頭以三十餘種中藥材熬煮數小時至濃郁香醇，搭配彈牙的細拉麵，以及軟嫩帶彈性的牛筋和澳洲腱子肉，滋味可口。也可以嚐嚐這裡的滷菜，尤其是帶中藥香氣的滷牛肚。海帶看似簡單，卻充滿鹹甜滋味，甚為特別。,+886 4 2329 9789,https://guide.michelin.com/tw/zh_TW/taichung-region/taichung/restaurant/ke-kou-beef-noodles
FRASSI,中山區樂群三路299號,Taipei,$$$$,時尚義大利菜,主廚來自義大利托斯卡納，室內裝修以至菜色風格也饒富義國元素。圓弧形吧檯，讓客人近距離欣賞佳餚製作的過程；若與友人聚會，則不妨預定包廂。菜色結合經典義式烹飪手法和世界各地的優質食材，其中還加入臺灣元素，例如血蛤烏魚子義麵，彈牙的麵條，結合在地的血蛤和烏魚子，鮮美無比。餐酒搭配十分有趣，值得一試。,+886 2 8502 6383,https://guide.michelin.com/tw/zh_TW/taipei-region/taipei/restaurant/frassi
台中肉員,南區復興路三段529號,Taichung,$,小吃,提起臺中人心目中的銅板美食，台中肉員必定榜上有名。創立於1933年，在悠長歲月裡，為許多在地人提供世代傳承的滋味。店內僅售三種食品，分別是肉圓、魚丸湯與冬粉湯。油泡肉員皮薄軟嫩，加了胡椒的豬肉餡料，搭配甜醬與醬油膏，讓人齒頰留香。魚丸湯湯頭清香，魚丸入口爽脆，口味簡樸但非常實在。,+886 4 2220 7138,https://guide.michelin.com/tw/zh_TW/taichung-region/taichung/restaurant/taichung-meatball
羅家古早味 (南屯),南屯區向上路三段65號,Taichung,$$,臺灣菜,店家一改過往奪目的黃色招牌，以咖啡色的低調門面迎接客人。其麻油土雞腿湯依舊出色，湯頭使用雞骨和特級胡麻油熬煮一天，溫潤滋味，帶淡淡酒香。不喜酒味者可於點餐時提出。建議搭配手工麵線或滷肉飯享用。同時提供多種麻油熱炒小菜，其中麻油腰子烹調時間及調味均掌握得宜，甚為推薦。,+886 4 2386 1557,https://guide.michelin.com/tw/zh_TW/taichung-region/taichung/restaurant/lou-s-nantun
A,大安區忠孝東路三段282號4樓 (新光三越Diamond Towers 2館),Taipei,$$$$,時尚法國菜,大廚黃以倫以其英文名首字命名自立門戶後首家餐廳，整個空間以白色為主，搭配木桌椅、花卉裝飾和畫作，猶如置身畫廊。只提供品嚐菜單，食物風格以法式為主，同時融入亞洲元素，菜品富有巧思，外觀猶如酒塞的開胃小點叫人印象深刻。酒單包含逾500款葡萄酒及香檳，也提供無酒精飲品配對。如欲一人前往，可以電郵聯絡店家。,+886 2 2721 8088,https://guide.michelin.com/tw/zh_TW/taipei-region/taipei/restaurant/a
有你真好 湘菜沙龍,中西區五妃街203號,Tainan,$$,湘菜,餐廳位於古蹟五妃廟旁，用餐環境舒適，適合親友聚會，充份呼應店名。店內供應多款經典湘菜，著重辛辣鹹香口味，但亦可依客人的嗜辣程度調整菜色味道，十分體貼。推薦菜色包括以辛香青辣椒、軟嫩梅花肉拌炒的農家小炒肉，以及鹹香開胃、與饅頭非常相配的酸豆角肉末。建議點選熟成紅茶等特調飲品佐餐。,+886 6 215 7977,https://guide.michelin.com/tw/zh_TW/tainan-region/tainan/restaurant/good-hunan-cuisine
筑馨居,中西區信義街69號,Tainan,$$,臺灣菜,餐廳位於1846年興建的清朝老宅內，斑駁的紅磚、具歷史意義的木門，均使人沉浸於古色古香的氛圍之中。以無菜單套餐呈現臺灣辦桌文化，按用餐人數提供七菜一湯的臺菜佳餚。食材講究在地與時令，如選用臺南米、七股虱目魚及在地養殖的無毒雞等。菜色鹹香鮮味。價格實惠，必須提前訂位。,+886 6 221 8890,https://guide.michelin.com/tw/zh_TW/tainan-region/tainan/restaurant/zhu-xin-ju
魚庒,中山區中山北路一段83巷24號,Taipei,$$,日本菜,埼玉縣百年鰻魚飯專門店唯一一間海外分店，餐室採以木質為主的日式裝潢，並在餐桌之間設有間隔，增添隱私與舒適度。選用外銷的臺灣鰻魚，以先蒸後烤的關東風格料理，搭配飽滿的米飯，風味極佳。由於鰻魚現點現烤，須耐心等待，建議先點選鰻魚蛋捲或前菜享用：鰻魚蛋捲蛋香四溢，尾韻香甜，值得一試。,+886 2 2531 8611,https://guide.michelin.com/tw/zh_TW/taipei-region/taipei/restaurant/uosho
紅陶上海湯包 (前金),前金區成功一路266號10樓 (漢來大飯店),Kaohsiung,$$,餃子,高雄首家以上海湯包作主角的餐廳，坐落於漢來飯店十樓，經翻新後裝潢時尚明亮，用餐空間寬敞舒適。推薦素菜蒸餃，呈樹葉狀的餃子內包有爽脆的青江菜，味美清爽。此外，原盅雞湯及綠豆沙煎餅亦值得一試：前者以來自花蓮的放生雞燉煮，溫潤可口；後者則甜而不膩，是理想的飯後甜點。,+886 7 213 5751,https://guide.michelin.com/tw/zh_TW/kaohsiung-region/kaohsiung/restaurant/hung-tao-shanghainese-dumpling
總裁藝文空間,中山區新生北路三段62巷24號,Taipei,$$$,時尚歐陸菜,帶有庭院的日式洋房，建於1950年代，前身是臺灣中央銀行總裁的府邸，經修復後內部搖身一變，成為現代風格的歐式餐廳。用餐環境典雅溫馨，帶有歷史意涵，二樓更設有藝文空間，不定期舉辦展覽或活動。曾旅外的主廚精心規劃八道菜套餐，每季更換。平日中午則提供三道菜套餐，讓食客以美食相伴，度過輕鬆的午間時光。,+886 2 2592 6692,https://guide.michelin.com/tw/zh_TW/taipei-region/taipei/restaurant/ceo-1950
筌,大安區安和路一段78巷37號,Taipei,$$$$,日本菜,經驗豐富的料理長以自己的名字為餐廳命名。室內裝潢沉實精緻，板前座位以六百年樹齡的香衫所製，配以暗紅色座椅，十分舒適。魚鮮源自日本九州、東京和北海道，料理長更會依據生魚的特性和處理手法，搭配以赤醋或白醋調和的醋飯。亦可因應客人的喜好和預算，調整壽司和熱菜的比例，讓用餐體驗更完美。,+886 2 2700 8779,https://guide.michelin.com/tw/zh_TW/taipei-region/taipei/restaurant/uke
心潮飯店,信義區忠孝東路五段68號2樓 (微風信義),Taipei,$$,臺灣菜,以1920年代的美國唐人街中餐館為設計藍本，墨綠色絨面沙發、大理石餐桌和馬賽克磁磚，復古之餘充滿型格。這裡供應的臺菜別出新意，尤以炒飯為主軸，無論是厚炸排骨菜香炒飯，還是炙燒干貝烏魚子炒飯，皆在創新與傳統中取得平衡，色香味俱全。熱炒品項也火候十足，不要錯過。甜品呈現臺灣風味，值得品嚐。,+886 2 2723 9976,https://guide.michelin.com/tw/zh_TW/taipei-region/taipei/restaurant/sinchao-rice-shoppe
阿坤麵,中區平等街142號,Taichung,$,麵食,顧名思義，麵店由阿坤創辦，目前已經超過五十年歷史，傳至第三代掌舵。小店幾乎沒有裝潢，客人要先在門口點選食物，然後尋找座位。每天早上至中午提供古早味乾麵，搭配特製甜辣醬，十分滋味。湯則可選擇不同配料，包括最受歡迎的水晶餃、油豆腐，還有貢丸、豬血和福州丸等。亦可選綜合湯。,+886 955 923 877,https://guide.michelin.com/tw/zh_TW/taichung-region/taichung/restaurant/a-kun-mian
千味海鮮,南屯區文心南五路一段326之3號,Taichung,$$,臺灣菜,以臺菜為主的餐館，魚缸中不乏時令海鮮，可以配合多種煮法，不妨請店員一一介紹。推薦麻油煮沙母，以乾煸過的薑片和綜合菇菌烹調，味道鮮甜，充滿香氣。多人聚餐的話，點上一份陶板藥膳活鮮蝦與一鍋蒜苗白鯧米粉，一同分享。環境簡潔但服務殷勤，設多個包廂，適合家庭聚會及各類宴請。,+886 4 2473 2373,https://guide.michelin.com/tw/zh_TW/taichung-region/taichung/restaurant/chien-wei-seafood
吃麵吧,中西區保安路159之1號,Tainan,$$,麵食,主廚兼老闆擁有逾十年法餐經驗，因著家人愛吃麵，決定返鄉開設麵館。他以臺式麵攤概念，融合歐陸料理技法，大量採用西式醬汁與香料，並每周為菜單更換菜色。炙燒牛舌松露醬拌麵為常設選項，其醬汁以松露與芥末調配而成，滋味創新。建議點選每日製作的涼拌小菜佐餐，或來一份焦糖起司布丁為餐點作結。,+886 6 223 1665,https://guide.michelin.com/tw/zh_TW/tainan-region/tainan/restaurant/jai-mi-ba
溫度劑,岡山區公園東路50號,Kaohsiung,$$,創新菜,具十年高端餐飲經驗的主廚於2021年開設此店，只設六個座位，不設制式菜單，而是採用當季新鮮食材，糅合歐陸、日本與臺灣元素，製作出由前菜到甜品、溫度與層次堆疊的美食，並由主廚親自介紹菜色，期望為客人帶來充滿溫度的用餐體驗。推薦波特菇鑲肉，還有選用海水養殖虱目魚的魚肚飯。只接受社群平台兩人內的訂位。,無法取得,https://guide.michelin.com/tw/zh_TW/kaohsiung-region/kaohsiung/restaurant/temperature-studio
PASTi,南港區中南街30號,Taipei,$$$$,義大利菜,店內裝潢出自主廚夫婦之手，牆上不乏義大利地圖及各種食材介紹，彰顯兩位對料理的熱愛。他們擅長利用新鮮食材，佐以橄欖油和香料，烹調出傳統義大利美食。所有海鮮均購自漁港，並根據時令頻繁地更換菜單。熱門菜色有阿瑪菲烤白帶魚捲煙燻起司、米蘭大象耳朵，以及老闆娘親手製作的西西里黃檸檬凍。,+886 2 2785 1588,https://guide.michelin.com/tw/zh_TW/taipei-region/taipei/restaurant/pasti
沁園春 (中區),中區臺灣大道一段129號,Taichung,$$,江浙菜,開業逾七十載，至今已經傳至第四代，深受老顧客支持。內部採用傳統中式餐館設計，備有懷舊的沙發座椅、鏡子牆面和木製匾額。致力提供經典江浙菜和點心，小籠包、肴肉、醉雞、鱔糊等應有盡有，而且每道菜色均列明製作時間。小籠包現點現蒸，皮薄、肉餡飽滿且充滿湯汁，建議提早點菜，以免久候。,+886 4 2220 0735,https://guide.michelin.com/tw/zh_TW/taichung-region/taichung/restaurant/qin-yuan-chun
林家蔬菜羊肉爐,中山區吉林路327號,Taipei,$$,火鍋,怕了羊肉的羶味嗎？這餐館的蔬菜羊肉爐可能會合你心意。店家選用本地溫體現宰太監羊，每個羊肉爐都含有半斤帶皮羊肉和半斤蔬菜，湯底則以貝類與羊骨熬成，加上各式蔬菜、枸杞和薑絲，湯清味醇全無羶味，尤合滋補身心。別忘了多點一份生羊肉片。此外，其他羊肉料理如滷羊腳、炒刈菜羊肉等也值得一嚐。,+886 2 2592 5174,https://guide.michelin.com/tw/zh_TW/taipei-region/taipei/restaurant/lin-s-vegetable-lamb-hotpot
榮榮園,大安區信義路四段25號,Taipei,$$,浙江菜,成立於1965年的榮榮園已走過半世紀時光，雖現已無法再看到創辦人的身影，但跟隨他三十個年頭的首席徒弟確保餐廳繼續傳承浙江老滋味。經典菜色繁多，烤排骨為必嚐之選，豬子排和洋蔥以小火燒六小時，輕觸即骨肉分離，汁濃味香，搭配光餅更是一絕。鐵板牛尾也不容錯過。服務親切得讓你猶如置身家中般舒適。,+886 2 2703 8822,https://guide.michelin.com/tw/zh_TW/taipei-region/taipei/restaurant/rong-rong-yuan
阿城鵝肉 (中山),台北市中山區吉林路162號,Taipei,$$,臺灣菜,提起鵝肉餐廳，阿城總是榜上有名。土城總店營業逾三十年，本分店在疫情後專注供應外帶服務，並在原址對面另闢樓高三層的新店，為客人提供相同菜單。餐廳選用重四至五斤的雲林鵝，有白斬及煙燻兩種口味，後者為招牌之選，並推薦口感較嫩的後半段鵝腿肉。此外，魯鵝胗、麻辣血和杏鮑菇香腸等也不能錯過。,+886 2 2541 5238,https://guide.michelin.com/tw/zh_TW/taipei-region/taipei/restaurant/a-cheng-goose-zhongshan
頤宮,大同區承德路一段3號17樓 (君品酒店),Taipei,$$$$,粵菜,環境雅致舒適，不論是瓷器或仿古書畫，還是餐墊上對應時令的詩詞，處處展現古典氛圍。雖然雙主廚自2023年春季起已成絕響，留任的香港主廚仍致力為賓客帶來精美的廣東佳餚，先知鴨、火焰片皮鴨，以及古法冬瓜帽等仍深受歡迎。此外，金銀蛋蒜香莧菜餃賣相和滋味俱佳，適合作為前菜，開啟這場精彩饗宴。建議預訂招牌菜色。,+886 2 2181 9985,https://guide.michelin.com/tw/zh_TW/taipei-region/taipei/restaurant/le-palais
元紀,西屯區安和東路5號,Taichung,$$$$,臺灣菜,餐室耗時兩年打造，空間設計糅合東西方美學，飾以藤編牆面、手工絲綢吊燈等，充滿藝術品味。由主廚林菊偉掌廚，菜單詮釋臺灣四百年來的飲食與民族融合，透過精巧的刀工與技法，將尋常家常菜演變為精緻又細膩的菜色。除了體驗套餐，亦可預訂涵括手工菜餚的主廚套餐。採用一桌一茶席形式，每桌均有侍茶師款待。鹿港麵茶杏仁露值得一試。,+886 4 2358 6368,https://guide.michelin.com/tw/zh_TW/taichung-region/taichung/restaurant/yuen-ji
NOBUO,中正區泰安街8號,Taipei,$$$$,時尚菜,主廚出生於臺灣，在日本長大，加上從廚經歷，因而融匯成獨特的烹飪風格。單一菜單以臺灣食材結合日式和法式元素，例如北寄貝及小青豆搭配蕪菁和紅辣椒粉，組合看似簡單，味道卻豐富而富有層次。餐廳坐落在寧靜的住宅區，室內裝潢猶如溫馨的北歐家居，讓客人沉浸在祥和舒適的用餐氛圍中。,無法取得,https://guide.michelin.com/tw/zh_TW/taipei-region/taipei/restaurant/nobuo
盈科,大同區民樂街58號,Taipei,$$$$,時尚日本菜,坐落在大稻埕市集附近。客人到達後會先於茶室享用迎賓飲品，再被引領進入二樓的主用餐區。僅提供一款套餐，主廚在日本料理的基礎上，結合臺灣食品和日本空運食材，以及發酵、熟成等技法，將醃製蔬菜與魚料融入料理之中，風味獨特。整室設計簡約，用餐區猶如黑色洞窟，明亮的開放式廚房，讓料理過程成為餐廳的一道風景。,+886 2 2550 6863,https://guide.michelin.com/tw/zh_TW/taipei-region/taipei/restaurant/eika
黃記魯肉飯,中山區中山北路二段183巷28號,Taipei,$,小吃,小店在巷子裡經營了幾十年，好評已在食客間口耳相傳，故人潮總是絡繹不絕。招牌滷肉飯雖以肥肉為主，但肥而不膩，鹹香的醬汁略帶膠質，令人回味。經典滷白菜也是熱門小菜之一，不容錯過。羹湯的高湯以柴魚熬製，加入沙茶醬點綴，呈現古早風味。店家更提供便當，可自選三種配菜，價格實惠。,+886 2 2595 8396,https://guide.michelin.com/tw/zh_TW/taipei-region/taipei/restaurant/huang-chi-lu-rou-fan
Wok by O'BOND,中山區龍江路18號,Taipei,$$$,創新菜,由知名酒吧Tei by O'bond的經營者創立，室內設計以墨綠色與朱紅色為主調，搭配輕快的音樂，氣氛輕鬆。經營者善用自身的調酒師背景，與主廚一同設計菜單，規劃出環繞主題意象的用餐體驗。廚師透過西式料理與調酒技法，解構並重塑食材的既有風味，帶來煥然一新的創意佳餚。調酒具草本特色，也值得一試。,+886 2 2778 4503,https://guide.michelin.com/tw/zh_TW/taipei-region/taipei/restaurant/wok-by-o-bond
好菜 (西區),西區模範街24巷1號,Taichung,$$,亞洲菜,坐落民宅巷弄內，裝潢簡約，木桌椅襯托日式器皿與開放式廚房，讓人有回家用餐的溫馨感覺。以臺灣菜為主，亦有融合南洋咖喱、味噌等南洋和日式風味的菜色。食材來自經產銷履歷驗證的小農，米飯則採用臺中194號米。推薦仲夏梅子雞、老皮嫩牛肉等熱門美食。菜色調味清爽、份量小巧，不妨考慮升級為套餐。,+886 4 2305 2933,https://guide.michelin.com/tw/zh_TW/taichung-region/taichung/restaurant/kuisine
Zaap,信義區吳興街345巷6號,Taipei,$$,泰國菜,老闆兼主廚擁有十多年烹調泰菜的經驗，為確保菜色正宗，一直自家製作所有醬料，且未有為迎合臺灣人口味而降低菜色的辣度。不得不試的有炭烤泰國蝦，採用蝦膏豐膄的公蝦製作，蝦肉緊致彈牙，搭配泰式海鮮醬，風味十足。泰式街頭甜點香蕉煎餅也不容錯過。部分餐點必須提前預訂，且設有最低消費。,+886 2 2720 1148,https://guide.michelin.com/tw/zh_TW/taipei-region/taipei/restaurant/zaap
三餐暖食,苓雅區中興街167號,Kaohsiung,$,臺灣菜,餐廳位於寧靜的巷弄之內，風格簡潔素雅，其菜單以家常臺菜為主，熱門菜色包括新鮮爽脆的鹽酥中卷，還有香氣四溢的古懷三杯雞。老闆貼心地規劃了一人套餐，客人僅需點選主餐，便會隨附當日湯品、小菜、甜點與飲品，價格實惠，難怪深受在地人歡迎。若與親友聚會，也可點選四人或六人合菜，並提前訂位。,+886 7 334 6263,https://guide.michelin.com/tw/zh_TW/kaohsiung-region/kaohsiung/restaurant/three-meals
牛稼莊,東勢區新豐街19號,Taichung,$$,客家菜,創立於1960年，營業一甲子後，店家決定將原址進行大型翻新，遂暫時遷往附近的全新店面。店內以牛隻造型圖騰裝飾，繼續供應全牛料理，選用臺中在地黃牛，溫體新鮮送達。蔥爆骨髓與清爽彈牙的涼拌肚王都是其招牌，此外，不妨試試爽脆的苦瓜鹹蛋。由於客家菜偏於鹹、香、油，如果想清淡一點，可提前告知。,+886 4 2587 3488,https://guide.michelin.com/tw/zh_TW/taichung-region/taichung/restaurant/niou-jia-juang
柏弘肉燥,苓雅區青年一路183-1號,Kaohsiung,$,臺灣菜,創立於1969年，為在地知名的小吃店。店內早期只供應肉燥飯與𩼣魚湯，兩者分別以老闆故鄉—雲林縣的西螺米和港都漁獲製成，後期增添了快炒品項。肉燥飯呈現油潤漂亮的琥珀色澤，是到店必選的美食，簡單用餐者不妨同時點選魚湯小菜。如果想吃得更豐富，金沙中卷與炒螺肉皆值得一試。,+886 7 332 2516,https://guide.michelin.com/tw/zh_TW/kaohsiung-region/kaohsiung/restaurant/bo-home
小小樹食 (大安路),大安區大安路一段116巷17號,Taipei,$$,素食,粉綠色外觀加上室內的潔白磚牆，構成舒適的用餐環境。主廚融合美式烹調手法與亞洲風味，菜單中包括奶蛋素與五辛素菜色。眾多品項中，紅油皮蛋豆腐餃及用花椰菜取代雞肉製作的韓式辣炸雞皆十分滋味；主菜則推薦泰式打拋佛陀碗，食材五顏六色，口感豐富。設有獨享套餐，即使一人用餐也可品嚐多款美食。,+886 2 2778 2277,https://guide.michelin.com/tw/zh_TW/taipei-region/taipei/restaurant/little-tree-food-da-an-road
無名羊肉湯,中西區府前路二段144號,Tainan,$,小吃,半世紀以來，以供應古早滋味羊肉湯而聞名於老饕之間，即使曾一度停業，憑著食客的支持再度捲土重來。店家堅持每天採買土產溫體羊肉，並以羊骨與羊肉熬煮招牌清湯湯頭。各羊肉部位可放湯或做成乾吃，後者只用少許麻油提香，同樣味美。清湯往往於十一點時售罄；想品嚐羊雜者，宜凌晨六點前到訪。,+886 934 130 019,https://guide.michelin.com/tw/zh_TW/tainan-region/tainan/restaurant/no-name-lamb-soup
泰元,苓雅區苓雅二路53號,Kaohsiung,$$,泰國菜,鮮明的藍色牆面、綠色門板、木桌圓椅，加上來自泰國的裝飾品，洋溢異國風情，讓人有置身泰國街頭的錯覺。雖然沒有冷氣，但風扇徐徐轉動，感覺輕鬆慵懶。炒河粉是必點菜色，鹹香微辛，滋味豐富。建議搭配泰式黑咖啡，或添加奶水與煉乳的泰咖啡。不定期公休，請留意餐廳在粉絲專頁上的公告。,+886 7 221 0662,https://guide.michelin.com/tw/zh_TW/kaohsiung-region/kaohsiung/restaurant/thai-yuan
山海樓,中正區仁愛路二段94號,Taipei,$$$,臺灣菜,大堂氣勢非凡，彷彿把時光拉回1930年代。主廚師承蓬萊閣老師傅，致力復原當年的傳統手工臺菜，並將其精緻化呈現。熱門的金銀燒豬採用養殖二十一天的乳豬，低溫烘烤十二小時，再高溫烤至外皮酥脆。肚包雞把餡料塞入土雞，再以豬肚包覆燉煮。甜點紅豆煎口感軟嫩如麻糬，為餐點完美作結。建議提前預訂菜色。,+886 2 2351 3345,https://guide.michelin.com/tw/zh_TW/taipei-region/taipei/restaurant/mountain-and-sea-house
淇里思 (西區),西區存中街47號,Taichung,$$,印度菜,開業不過幾年，已經設有分店，證明這家餐廳的吸引力。提供南、北印度美食，由印度籍廚師團隊負責，講究選用當地香料，以確保原汁原味。菜單設計非常貼心，既可選擇辣度，也標明適合素食者和兒童食用的菜色。其中，香料塔都雞腿香味十足，鷹嘴豆咖哩也不容錯過。樓高兩層，二樓可包場舉辦聚會。,+886 4 2377 0007,https://guide.michelin.com/tw/zh_TW/taichung-region/taichung/restaurant/chilliesine-west
澀,中區中山路29號3樓,Taichung,$$$,時尚臺灣菜,於2023年遷往中區，門面貫徹低調簡潔，內裝亦以極簡的灰黑色系設計，保有老舊樓房的原始風貌。主廚擅長以日常食材融合臺式烹調技巧，重新闡述當代臺灣料理的細膩風味。單一套餐定期更迭，主廚會根據所見所聞擬定每季主題。無酒精搭配常以茶為基底，混合水果或其他飲品，充滿特色。須提早訂位。,無法取得,https://guide.michelin.com/tw/zh_TW/taichung-region/taichung/restaurant/sur
好農家米糕,南區健康路二段66號,Tainan,$,小吃,自1946年創立以來，憑著用料實在、色香味俱全的米糕，成為深受在地人喜愛的小店。這裡的米糕採用傳統做法，長糯米經過浸泡與蒸煮，再放於藺草桶中以爐火保溫，維持米粒的彈性與濕潤度。配料同樣講究，肉燥以黑豬肉製成，魚鬆採用新鮮旗魚，鹹香夠味。另外，不妨試試干貝白菜滷，雖簡單卻鮮味十足。,+886 6 221 7181,https://guide.michelin.com/tw/zh_TW/tainan-region/tainan/restaurant/hao-nung-chia-migao
城邊真味炒鱔魚專家,東區東門路一段235號,Tainan,$$,小吃,創立於1970年，至今已走過五十多個年頭，以鑊氣十足的炒鱔魚作為招牌，酸酸甜甜讓人回味。炒鱔魚意麵也是這裡的人氣菜色，跟炒鱔魚一樣，可選擇勾芡與否。另有生炒花枝與麻油腰花供應，後者鮮美可口，不妨一試。所有食物現點現做，預設口味為微辣，不喜辣者可告知店員作調整。,+886 6 209 1235,https://guide.michelin.com/tw/zh_TW/tainan-region/tainan/restaurant/eastern-castle-noodles
地坊,東區復興路四段17巷12號,Taichung,$$,時尚歐陸菜,幾經搬遷，地坊於2022年落腳文創景點。空間寬敞，搭配老舊的木窗框與草綠色牆面，復古又帶有輕鬆氛圍。掌杓逾廿載的主廚結合在地食材和歐陸烹調技法，設計七至八道的無菜單套餐，菜色每天調整，並設四款肉類主菜供選擇。其中鴨胸料理經糖燻、稻草煙燻兩道工序，風味迷人。用餐前後不妨到附近的文創小店走走。,+886 976 866 098,https://guide.michelin.com/tw/zh_TW/taichung-region/taichung/restaurant/tu-pang
老士官擀麵,清水區鎮南街81之12號,Taichung,$,麵食,老闆父親曾擔任士官長，並於眷村習得擀麵手藝。老闆自立門戶後，沿用該手法至今，並會在門前現場擀麵。由於售完即止，建議中午前到訪。其麵條帶嚼勁，搭配秘製麻醬與肉燥，滋味鹹香，建議加點半熟蛋，讓麵條裹上絲滑蛋液，味道更佳。店家更可客製麵條寬細度。另外，皮薄的抄手和老闆自創的酸辣豆腐也值得一試。,+886 4 2623 8730,https://guide.michelin.com/tw/zh_TW/taichung-region/taichung/restaurant/lao-shih-kuan-noodles
潔,西區存中街29號,Taichung,$$$,日本菜,餐廳建築風雅怡人，自成一景，從落地玻璃窗可飽覽庭園的整片綠蔭。分別由三位日籍師傅負責生食、熱菜及甜點，提供兩種不同價位的基本日式套餐，菜色以福岡風格為基礎，融合日本與在地食材。米飯料理以日本新瀉米搭配時令食材，用土鍋煮至粒粒分明，令人齒頰留香。亦可預約份量更豐富的主廚或板前套餐。,+886 4 2376 1536,https://guide.michelin.com/tw/zh_TW/taichung-region/taichung/restaurant/isagi
彭城堂,太平區宜昌路377號,Taichung,$$,臺灣菜,從門外擺放的臺灣早期客運站牌、郵箱等舊物，到餐廳內部擺設，都讓人恍如穿越了時空。這裡的家常料理充滿親切感，而且價格實惠、分量豐盛，是親友聚會的熱門選擇。古早味封肉刈包全套滋味鹹香，川七炒牛肉口感細嫩，皆十分推薦。另有豬油拌飯供自行取用，餐後更提供剉冰，感覺就像回家吃飯一樣溫馨。,+886 4 2351 1122,https://guide.michelin.com/tw/zh_TW/taichung-region/taichung/restaurant/peng-cheng-tang
五月雪客家私房珍釀,大安區敦化南路一段329巷16號,Taipei,$$,客家菜,掌勺二十多年的老闆冀改變大眾對客家菜油膩厚重的印象，親自研發菜色，並融入多種海鮮與創意。香蔥燜嫩排和紅麴軟絲均很受歡迎，前者選用豬腩排以客家油蔥等燉煮四小時而成，建議預訂；後者則採用來自澎湖的現撈軟絲，以陳年紅麴醃製後油炸，口感軟嫩且帶紅糟香氣。不妨也預訂以臺南放山土雞烹調的山野鹽焗雞。,+886 2 2700 6248,https://guide.michelin.com/tw/zh_TW/taipei-region/taipei/restaurant/may-snow-hakka-food
大橋頭老牌筒仔米糕 (延平北路),大同區延平北路三段41號,Taipei,$,小吃,創立於1973年，現在由第三代接手，持續供應美味的筒仔米糕。老闆選用陳年一年的圓糯米，經過多重工序，煮至米芯軟而不爛。客人可以選配肥或瘦肉，並佐以自製的甜辣醬、辣蘿蔔醬品嚐。此外，不妨試試其鮮蚵湯，蚵仔隻隻飽滿嫩滑，鮮味非常。用餐環境潔淨寬敞，雖位處夜市區域，卻由清晨營業至傍晚。,+886 2 2594 4685,https://guide.michelin.com/tw/zh_TW/taipei-region/taipei/restaurant/da-qiao-tou-tube-rice-pudding
鍾家原上海生煎包,士林區小東街38號 (士林夜市),Taipei,$,街頭小吃,夜市內的老字號，每個生煎包都煎得底部酥脆，外皮鬆軟。有高麗菜和鮮肉口味。,+886 2 8861 2713,https://guide.michelin.com/tw/zh_TW/taipei-region/taipei/restaurant/chung-chia-sheng-jian-bao
都一處 (信義),信義區仁愛路四段506號,Taipei,$$,京菜,承襲自慈禧御廚的精湛廚藝，讓都一處走過超過一甲子歲月，每道菜都是道地北方佳餚。糟溜魚片選用深海石斑，為店家推薦；以溫體豬腿肉做成的炸丸子，外脆內嫩且充滿肉香，也值得一試。餅食均以小炭爐烤製，耗時費工卻反映店家的堅持，其中供十二人用的蔥油餅乾烙四十分鐘而成，每天限量三份，值得呼朋引伴共享。,+886 2 2720 6417,https://guide.michelin.com/tw/zh_TW/taipei-region/taipei/restaurant/do-it-true-xinyi
Impromptu by Paul Lee,中山區中山北路二段39巷3號B1 (晶華酒店),Taipei,$$$$,創新菜,霧面玻璃門後是開放式廚房和吧檯座位，在這可一覽廚房團隊的精妙合作。僅設一個逾十道菜的嚐味菜單，主廚盼顧客能以開放舒適的心情用餐，享受他以在地食材、不受料理方式所限呈現的臺灣風味，故只會在用餐完畢才將菜單交到食客手上。菜色不定期更換，若幸運將能嚐到主廚引以為傲的自製乾拌麵。,+886 2 2521 2518,https://guide.michelin.com/tw/zh_TW/taipei-region/taipei/restaurant/impromptu-by-paul-lee
老山東牛肉家常麵店,萬華區西寧南路70號B1之15室 (萬年商業大樓),Taipei,$,麵食,於1949年開業，以其手工刀切麵條和牛肉湯俘擄了不少食客的心。牛肉麵湯頭以臺灣牛骨及十種特調的中藥材熬製；現切麵條口感彈牙，吸附滿滿紅燒湯汁，佐以本地與澳洲滷牛肉，滋味十足。每款小菜均當天現做，其中山東泡菜脆口清爽；豬頭肉晶凍以細火慢燉六小時而成，晶瑩剔透，均是熱門之選。,+886 2 2389 1216,https://guide.michelin.com/tw/zh_TW/taipei-region/taipei/restaurant/lao-shan-dong-homemade-noodles
鼎泰豐 (信義路),大安區信義路二段277號,Taipei,$$,滬菜,這所鼎泰豐旗艦店樓高四層，備有無障礙設施，為客人提供寬敞舒適的用餐環境。小籠包固然是招牌品項，但用臺灣在地食材製作的菜色也值得一試。例如以涼菜方式呈現的糖醋排骨，採豬腹脇肉、番茄乾烹煮，以特製糖醋醬翻炒至收汁，色澤紅潤晶透，相當獨特。另外可以嚐嚐甘甜潤喉的苦瓜排骨湯，以及老少咸宜的芋泥大包。,+886 2 2395 2395,https://guide.michelin.com/tw/zh_TW/taipei-region/taipei/restaurant/din-tai-fung-xinyi-road
三禾清豐,苓雅區江都街63號,Kaohsiung,$$,臺灣菜,在高雄土生土長的主廚，透過菜單展現對臺灣的熱愛，每季均以特定主題，向食客導覽這片土地之美，以及各族群融合的飲食多樣性，再由其太太解說食材背後的概念與故事。室內以臺灣傳統手編藤椅、圓石桌和老花窗布置，空間小巧而溫馨。僅設四張圓桌，建議留意社群平台上公布的營業時間，並提前訂位。,+886 966 063 568,https://guide.michelin.com/tw/zh_TW/kaohsiung-region/kaohsiung/restaurant/a-fung-s-harmony-cuisine
欣葉台菜 (創始店),中山區雙城街34之1號,Taipei,$$,臺灣菜,說起臺菜餐館，欣葉必定榜上有名。多年來，規模變大了，從只供應清粥小菜，至成為宴席菜的場地，店東希望將家庭的味道帶給客人的心願始終未變。到欣葉必嚐其手工菜色──菜脯蛋以筷子邊煮邊攪拌翻鍋，做法獨特；杏仁豆腐由三位師傅人手鮮製，口感軟糯；其他招牌菜還有煎豬肝和以手工見稱的潤餅等。,+886 2 2596 3255,https://guide.michelin.com/tw/zh_TW/taipei-region/taipei/restaurant/shin-yeh-taiwanese-cuisine
小燉食室,前鎮區廣西路226號,Kaohsiung,$$,臺灣菜,空間為前台電老宿舍，餐廳設計帶日式風格，提供五種中式燉湯，同時附上主食與小菜。剝皮辣椒蛤蠣雞湯以去骨土雞腿、高雄岡山的剝皮辣椒、雲林蛤蠣與新鮮蔬菜煨煮，甘甜微辣，層次分明。店家對選米甚為講究，採用日本越光米與臺灣米混種的臺南拾陸號米，米飯富有米香，口感極佳。青檸香茶酸甜爽口，適合作佐餐飲品。,+886 906 303 309,https://guide.michelin.com/tw/zh_TW/kaohsiung-region/kaohsiung/restaurant/simmer-house
睿麗,中山區樂群三路200號1樓 (忠泰樂生活),Taipei,$$$$,時尚歐陸菜,由德國大廚Thomas Bühner與在地投資者共同管理，並由香港主廚掌杓，餐廳裝潢簡約優雅，挑高的空間雅致舒適。客人可透過透明玻璃，欣賞半開放廚房裡的烹調過程。其單一套餐內容隨季節更迭，選材不限地域，並以創意巧思結合歐陸烹飪技法和日式風格，通通呈現在四小時的饗宴之中。須提前規劃訂位。,+886 937 857 869,https://guide.michelin.com/tw/zh_TW/taipei-region/taipei/restaurant/la-vie-by-thomas-buhner
饕弄杯,東區東榮街115巷47號,Tainan,$$$,時尚歐陸菜,藏身於曲折的小巷中，這間歐式小酒館氣氛溫馨，店內飾以酒瓶與葡萄酒書籍。沒有固定菜單，取而代之的是黑板上會寫有當天新鮮食材，廚師會將之以義大利與地中海料理方式處理：義式生魚片、松露炒蛋、蔬食料理都十分推薦。只要提前告知，店家亦會根據顧客預算，擬定適合商務聚餐的個人化套餐。,+886 6 237 0355,https://guide.michelin.com/tw/zh_TW/tainan-region/tainan/restaurant/bistro-alley
PI,南屯區大進街373號2樓,Taichung,$$,時尚歐陸菜,店名源自無限不循環的圓周率(π)，寄語餐廳能有無窮不盡的創意和可能。工業風裝潢十分簡約，設有半開放式廚房，拉近廚師與客人之間的距離，氣氛溫暖而輕鬆。提供包含六道菜的單一套餐，以歐陸菜為主，並以時令蔬食點綴，其中一道固定以炭烤風格呈現。套餐價格親民之餘，服務團隊亦親切友善。,+886 4 2322 5108,https://guide.michelin.com/tw/zh_TW/taichung-region/taichung/restaurant/pi
越南你好,中區成功路92號,Taichung,$,越南菜,鄰近東協廣場，老闆娘嫁來臺灣前在河內經營米線店，擅長烹調多道北越美食。招牌米線拼盤有豬腳肉、血腸、炸豆腐等豐富配菜，佐以滋味濃厚的越式蝦醬，或清爽的魚露風味醬汁，美味可口 。炸春捲、烤豬肉串也值得點選，不妨請服務人員推薦菜色及介紹品嚐方法。用餐空間簡潔明亮，頗有越南風情，氣氛輕鬆。,+886 4 2221 1595,https://guide.michelin.com/tw/zh_TW/taichung-region/taichung/restaurant/hello-vietnam
彧割烹,松山區三民路9之1號,Taipei,$$$$,日本菜,搬遷後裝潢風格變得時尚簡約，不變的是餐廳會按不時不食的原則挑選材料。選用日本及宜蘭大溪漁港的漁獲，供應單一割烹套餐，主餐後的釜飯尤其令人回味，全因主廚會根據時令或客人喜好而調整主食材。餐廳設有小型包廂，極具隱私性，商務宴請或朋友聚會皆適宜。建議提前訂位。,+886 2 2503 0303,https://guide.michelin.com/tw/zh_TW/taipei-region/taipei/restaurant/yu-kapo-1198592
舊市羊肉 (岡山),岡山區河華路111號,Kaohsiung,$$,臺灣菜,岡山是知名羊肉產區，到此自然不能錯過羊肉料理。此店創立於1955 年，老闆早年經營現宰羊肉買賣，現時仍每天採買羊隻，並於現場切割。招牌菜為溫潤滋補的當歸羊肉爐；如果想品嚐羊肉的原味，建議以白切羊肉搭配特製豆瓣醬，風味十足。苦瓜羊肉等熱炒料理亦不容錯過。店家更提供三個份量供選擇，非常貼心。,+886 7 625 8151,https://guide.michelin.com/tw/zh_TW/kaohsiung-region/kaohsiung/restaurant/joes-gangshan
田媽媽 長盈海味屋,北門區三寮灣慈安里484號,Tainan,$$,小吃,餐廳為農委會「田媽媽」計畫的成員，以不添加藥物自家養殖的鮮魚作原料，料理多款美食。其中尤以虱目魚最為鮮美：招牌菜虱目魚菲力將魚鰭部位熟成處理，並使用魚隻自身的油脂來乾煎，酥香可口；三杯虱目魚香腸同樣風味獨特，值得推薦。飯後不妨來碗黑糖碗粿或黑糖檸檬，黑糖為店家手工炒製，別具滋味。,+886 917 549 736,https://guide.michelin.com/tw/zh_TW/tainan-region/tainan/restaurant/chang-ying-seafood-house
晶華軒,中山區中山北路二段39巷3號3樓 (晶華酒店),Taipei,$$$,粵菜,入口處是一條長長的書法走廊，鐵畫銀鉤的草書字體刻滿玻璃，感覺優雅而傳統。主廚與點心師傅曾於香港的知名酒家工作，經驗豐富，燒臘和海鮮是其拿手菜。招牌菜鱈蟹西施泡飯以熬煮三小時的龍蝦高湯搭配海鮮和酥炸香米，並由廚師在桌邊烹煮，讓客人大飽眼福。中午時段的點心精緻美味，不容錯過。,+886 2 2523 8000,https://guide.michelin.com/tw/zh_TW/taipei-region/taipei/restaurant/silks-house
金蓬萊遵古台菜,士林區天母東路101號,Taipei,$$,臺灣菜,家族經營的金蓬萊始於六十年代的北投，最初供應搭配酒品享用的酒家菜，調味偏向濃重。現時掌勺的第三代仍沿用家族秘方，例如招牌菜排骨酥，選用臺灣豬隻的腹斜排，以不同油溫炸兩次，以保留水分同時令外表酥脆；須預訂的肚包雞鍋以大豬肚包覆起骨小土雞及十多種食材，以秘方藥材慢火燉七小時而成，適合多人共享。,+886 2 2871 1517,https://guide.michelin.com/tw/zh_TW/taipei-region/taipei/restaurant/golden-formosa
Longtail,大安區敦化南路二段174號,Taipei,$$$,創新菜,在富格調的酒吧來一杯雞尾酒，是開始晚餐的絕佳方法。其後，你可留在原地用餐，或移師到主餐室甚至廚房邊的餐桌。主廚選用在地或環球優質食材，菜色賣相不甚花巧，味道和質感卻呈現有趣的對比，精湛技巧毋庸置疑。海膽海苔脆飯、帶骨豬里肌及法式咖椰吐司都是巧手之作。建議點選季節性品嚐菜單以獲得最圓滿的體驗。,+886 2 2732 6616,https://guide.michelin.com/tw/zh_TW/taipei-region/taipei/restaurant/longtail
A Cut,中山區遼寧街177號2樓 (富邦遼寧大樓),Taipei,$$$$,牛排屋,進入餐廳後，會先觀賞到廚師在開放式廚房準備佳餚，隨後到達雅致舒適的用餐空間，是適合商務聚餐或慶祝宴請之所。菜單以美國和澳洲的優質牛排套餐為主，包含自選前菜、主菜、配菜與甜品。不要錯過肋眼上蓋部位的A Cut牛排，油花細緻，軟嫩可口，充滿鮮甜滋味。酒單囊括法國頂級名莊佳釀，須提前訂位。,+886 2 2571 0389,https://guide.michelin.com/tw/zh_TW/taipei-region/taipei/restaurant/a-cut
良佳豬腳,三民區陽明路229號,Kaohsiung,$,小吃,餐廳走過近半個甲子，其豬腳飯一直深受在地老饕歡迎。豬腳以帶有胡椒辛香的中藥材滷製，呈迷人的琥珀色，軟嫩可口，搭配來自花蓮的米飯、口感爽脆的滷筍絲，整體風味清爽，肥而不膩。此外，其海魚料理、麵食和湯品也值得一試。餐點均為現點現做，顧客需耐心等待。,+886 7 392 5533,https://guide.michelin.com/tw/zh_TW/kaohsiung-region/kaohsiung/restaurant/liang-chia-pig-knuckle
沙卡,大雅區中山路大同巷9弄7號,Taichung,$$,臺灣菜,餐廳屹立四十餘年，入口以紅標米酒瓶作裝飾，古色古香。招牌燒酒雞以全米酒、中藥材及土雞燉煮而成，不加一滴水，原汁原味。建議先品嚐肉質軟嫩的雞胸肉，然後再細味鮮甜的熱湯。肉品蘸上店家特製的辣椒醬油與胡椒粉，別有一番風味。熱炒菜色則推薦黃金軟絲，其火候掌握精準，適合配飯。賓客盈門，建議提前訂位。,+886 4 2566 5925,https://guide.michelin.com/tw/zh_TW/taichung-region/taichung/restaurant/saka
鮨天本 登龍門,大安區忠孝東路四段216巷27弄16號,Taipei,$$$,壽司,鮨天本轉為只接待常客後，料理長天本昇吾於2022年開設此店，由其弟子掌軍，期望將日本壽司文化傳承的理念在臺灣發揚光大。餐廳採用的漁獲主要來自福岡，而米飯則選取花蓮玉里米。菜單包含十數貫壽司，穿插炸鰻魚等創辦人的招牌菜餚，最後以半熟玉子燒作結。價格相對實惠，每月於線上開放預訂，須提早安排。,無法取得,https://guide.michelin.com/tw/zh_TW/taipei-region/taipei/restaurant/sushi-touryuumon
沐,新興區復橫一路128號,Kaohsiung,$$$,創新菜,餐廳空間簡潔雅致，切合主廚反璞歸真的料理方式，直接透過鍋煎或火烤，呈現食材的最佳狀態。菜單定期更新，在十道菜的套餐之中，包含大量在地的漢方藥材與香料，再融入臺菜、客家、原住民料理元素，令菜色帶有獨特風味。須提前訂位，同時在四種肉品中選定主菜，建議品嘗肉香味美的無骨牛小排。,+886 7 225 0525,https://guide.michelin.com/tw/zh_TW/kaohsiung-region/kaohsiung/restaurant/mu-1204166
冬瓜與胖子,前鎮區英德街784巷12號,Kaohsiung,$$,臺灣菜,位於老民宅內，用餐室以復古電視機、暗色沙發椅、大理石地磚等佈置。提供無菜單臺式家庭菜餚，調味較濃郁。店家會依據當天採買的食材及用餐人數供餐，並按人頭收費；兩人以上可品嘗到四至五道小菜與湯品，單人用餐者則可一嚐以滷肉為主菜的套餐。若有特別需求，店家亦樂於安排。不定休，且僅接受社群平台訂位。,+886 7 727 9023,https://guide.michelin.com/tw/zh_TW/kaohsiung-region/kaohsiung/restaurant/white-gourd-and-fat-person
開元路無名虱目魚,北區開元路313號,Tainan,$,小吃,屹立在開元路近半個世紀，沒有招牌或店名，但老饕都能辨認出這大樹旁的騎樓小店。店家所用的虱目魚每天清晨新鮮處理，其魚皮湯特別受歡迎，特色是在熟魚皮上裹了一層魚漿，增添柔嫩口感。想吃得更豐富，可搭配魚丸或油脂豐富的虱目魚肚。清晨開始人潮便絡繹不絕，要品嚐魚腸，建議提早到訪避免撲空。,+886 6 237 3556,https://guide.michelin.com/tw/zh_TW/tainan-region/tainan/restaurant/kaiyuan-road-no-name-milkfish
再發號,中西區民權路二段71號,Tainan,$,小吃,創於1872年，從早期沿街叫賣，漸漸發展成小攤販，至今已傳承四代。老店在保留古早味之餘，亦開發出新口味，現供應基本款肉粽、八寶粽及頂級八寶粽。基本款份量精巧，採用南部水煮肉粽方式烹調，軟嫩可口；八寶款則加入了干貝、扁魚酥、蝦米等配料。不妨搭配小菜或湯品同吃。不定休，可留意粉絲專頁公布。,+886 6 222 3577,https://guide.michelin.com/tw/zh_TW/tainan-region/tainan/restaurant/zai-fa-hao
老曾羊肉,中西區民族路二段131號,Tainan,$,小吃,屹立於臺南火車站附近半個世紀，以沒有羶味的澳洲羊肉，料理出實惠的羊肉菜色。菜單簡潔，客人只需從麻油、清湯、當歸三種湯頭擇一，搭配羊肉與羊排骨。另外，炒羊肉同為店內招牌，與翠綠芥藍菜同炒的羊肉帶有淡淡的豆瓣香氣與甘甜尾韻，十分適合配飯。餐廳樓高兩層，建議選坐設空調的二樓，較為舒適。,+886 6 224 8688,https://guide.michelin.com/tw/zh_TW/tainan-region/tainan/restaurant/lao-tseng-lamb
福泰飯桌第三代,中西區民族路二段219號,Tainan,$,小吃,福泰餐桌創立逾八十年，第二與第三代於2015年開設此店，並進駐餐室，讓客人在明亮環境中體驗傳統飯桌仔文化。菜色按照當天採買的食材而定，可留意寫上當日鮮魚及時令菜色的小黑板。每道菜都精緻小巧，尤其推薦金黃酥脆的虱目魚柳，及肥瘦比例恰當的肉燥飯。生意熱絡，晚上到訪宜六點前抵達。,+886 6 221 8608,https://guide.michelin.com/tw/zh_TW/tainan-region/tainan/restaurant/fu-tai-table-third-generation
永通虱目魚粥,學甲區民權路60號,Tainan,$,小吃,學甲區為臺南五大虱目魚產區之一，來到這裡，自然不能錯過虱目魚料理。永通虱目魚粥經營逾半世紀，每日以新鮮魚骨、魚肉熬煮高湯，味道鮮美，是粥品的靈魂。除了虱目魚料理，同時提供魚酥飯、草魚、吳郭魚、小鯉魚等魚料菜餚，滷菜如滷虱目魚頭、豬腳筋、魚皮等同樣一應俱全，選擇豐富。,+886 6 783 9308,https://guide.michelin.com/tw/zh_TW/tainan-region/tainan/restaurant/yung-tung-milkfish
㕩肉舖,中西區民族路二段317巷36號,Tainan,$$$,燒烤,(餐廳暫時關閉。) 鄰近著名古蹟赤崁樓，餐廳建築為清朝古宅，創辦人保留其斑駁紅磚瓦，並結合工業風裝潢。提供以日本和牛為主軸的菜單，來自飛驒的和牛油花分佈細緻，經炭火烹調後肉香味美。菜單同時包含美澳牛肉、在地禽類與海鮮，菜色多樣。店內氣氛熱絡，服務團隊友善且會適時提供協助，適合與親友共聚。須提前訂位。,+886 6 225 3636,https://guide.michelin.com/tw/zh_TW/tainan-region/tainan/restaurant/pankoko
鳳記鵝肉老店,沙鹿區屏西路170號,Taichung,$$,臺灣菜,小店置身簡樸老舊的民宅之中，至今已屹立數十年，每到用餐時段，總有許多老饕驅車到來，為的就是品嚐美味的鵝肉料理。皮薄肉嫩的鵝肉切盤深受喜愛，店家保留了部分骨件，讓客人可享受啃骨吮指的滋味。餐品選擇多樣，同時供應各式鵝內臟、滷味與清湯底湯麵，推薦搭配細扁意麵的花枝麵。,+886 4 2631 4040,https://guide.michelin.com/tw/zh_TW/taichung-region/taichung/restaurant/feng-chi-goose
Ephernité,大安區安和路二段233號,Taipei,$$$,時尚法國菜,由曾居於法國的夫妻檔經營，餐廳提倡「產地直送」理念，著重採購在地食材，並與陽明山農夫合作，栽種獨家的農產品每天運抵餐廳。包含三道菜的菜單每天隨當日食材更迭，顧客抵達一刻方會從服務人員口中得知菜色。以法式料理為基調的菜餚賣相精緻，其中每天新鮮預備的蔬菜凍令人回味。另外可以預訂設九道菜的季節菜單。,+886 2 2732 0732,https://guide.michelin.com/tw/zh_TW/taipei-region/taipei/restaurant/ephernite
蓬萊,北投區中和街238號,Taipei,$,臺灣菜,由陳良枝開創的蓬萊以酒家菜起家，現由第三代接手經營。快將失傳的老臺菜如蟳肉蚵仔羹、螺肉魷魚蒜鍋等，仍然保留在菜單上。很多食客專程來品嚐軟玉豆腐，有別於包入香蕉的傳統版本，餐廳改以豆腐包著火腿、蝦仁和香菜。別忘了來一客招牌排骨酥，連著骨頭的小排經二十小時醃製，令人吮指回味。,+886 2 2891 2778,https://guide.michelin.com/tw/zh_TW/taipei-region/taipei/restaurant/peng-lai
侯布雄,信義區松仁路28號5樓 (寶麗廣場),Taipei,$$$$,時尚法國菜,貫徹集團其他分店的設計風格，以紅黑色調，搭配富情調的燈光和開放式廚房，充滿個性。日籍主廚於集團工作多年，深諳經典菜色精髓，並在保留經典菜餚的同時，巧妙融入東洋風格。菜單之中，多款海鮮料理都是他的拿手品項，值得品嚐。餐廳提供套餐、單點和小份量菜色，選擇多元。,+886 2 8729 2628,https://guide.michelin.com/tw/zh_TW/taipei-region/taipei/restaurant/l-atelier-de-joel-robuchon550759
吉兆割烹壽司,大安區忠孝東路四段181巷48號,Taipei,$$$$,壽司,其名取自一日本燒酒名稱，由兩位臺灣主廚共同執掌板前。他們希望能讓臺灣人吃到媲美日本名店的上乘壽司，故裝潢亦秉承日本壽司店的簡樸，氣氛更為輕鬆。食物以生食及手握壽司為主，也會按客人需求提供熟食，只需於訂位時說明。由於兼營日本清酒代理，餐廳會按時令提供不同的清酒佐餐，亦會邀請日本廚師當客座主廚。,+886 2 2771 1020,https://guide.michelin.com/tw/zh_TW/taipei-region/taipei/restaurant/kitcho
發愣吃 (西區),西區公正路133號,Taichung,$$,麵食,這家麵館於2022年搬到現址，空間寬敞舒適，以綠色植栽搭配咖啡色桌椅，為用餐環境增添暖意。餐廳以各式椒麻風格為特點，麵食依據風味劃分為蒜辣、椒麻與主廚精選三個種類。皮蛋擔擔麵味道濃厚、層次多元，喜歡濃重口味的不要錯過。麵條份量充足，不論與友人分享或獨享，均十分合適。,+886 958 053 182,https://guide.michelin.com/tw/zh_TW/taichung-region/taichung/restaurant/varmt-west
麥謎食驗室,中西區青年路90號,Tainan,$$,麵食,餐廳名字取自臺語「販售麵食」的諧音。廚房團隊均具備西餐背景，期望本著實驗及研發精神，創作出新穎的麵食。菜單按季更迭，選用來自世界各地的佐料，當中包括在地人熟悉的剝皮辣椒、赤味噌，也有富東南亞特色的參巴醬、青木瓜，甚至是法式燉菜。透過這些大膽的搭配，讓每道餐點都富有層次和風味。,無法取得,https://guide.michelin.com/tw/zh_TW/tainan-region/tainan/restaurant/bue-mi-lab
三輪的店,鳳山區八德路296巷25號,Kaohsiung,$,小吃,創立於1961年，創辦人最初以三輪車在街邊販售，至成為簡樸小店，一直是在地人的下午茶熱點。提供遵循古法製作的炭烤手工香腸與糯米腸，前者以豬肉、五香粉與高粱灌製而成，搭配蒜頭享用，口味經典；後者用上在地糯米、花生及油蔥酥，軟糯可口，帶有淡淡木炭香氣。不妨加點溫潤的肉骨湯搭配烤物。小店僅於中午至傍晚營業。,+886 953 696 085,https://guide.michelin.com/tw/zh_TW/kaohsiung-region/kaohsiung/restaurant/three-wheels
方蒔,苓雅區憲政路132號,Kaohsiung,$$$,創新菜,主廚具近二十年高端餐飲經驗，他於2023年創立這餐廳，將其遊歷的記憶和生活元素，透過單一套餐與客人分享。菜色以歐亞美洲烹調技巧料理，配合高麗菜酸、檳榔葉等在地食材，別具風格。室內空間採用暖杏色調，搭配圓弧形的吊燈、沙發、餐桌，及以植物點綴，氣氛悠閒舒適。二樓設有包廂，適合小型聚會。,+886 7 223 1768,https://guide.michelin.com/tw/zh_TW/kaohsiung-region/kaohsiung/restaurant/the-front-house
斑泊,中山區樂群二路265巷38號,Taipei,$$$,時尚臺灣菜,進入餐廳，顧客會先被帶到等候區享用茶水，再前往二樓的用餐空間。這裡以褐色實木、鏽色鐵件、日式塌塌米等點綴，並大量選用臺灣設計師的家具與食器，營造出沉穩復古的風格。年輕主廚將臺灣常見的下酒菜、小吃、宴席合菜、焢窯等元素呈現於套餐之中。整頓饗宴逾三個小時，每道佳餚各有主題，值得細細品味。,+886 2 8502 9168,https://guide.michelin.com/tw/zh_TW/taipei-region/taipei/restaurant/ban-bo
好嶼,大安區仁愛路四段300巷20弄17號,Taipei,$$$,時尚臺灣菜,主廚來自雲林，對臺灣的感情溢於言表，希望透過美食述說屬於這片土地的故事。菜單圍繞「山、海、川、原」四個主題，依循季節轉換菜色，當中大量取用對環境友善的食材，並以炭烤方式烹調。輔以服務人員的深入解說，好讓客人了解餐廳重視生態的理念。室內布置同樣跟隨四季而轉變，氛圍別具一格。,無法取得,https://guide.michelin.com/tw/zh_TW/taipei-region/taipei/restaurant/hosu
雍翠庭,北投區幽雅路30號 (北投麗禧溫泉酒店),Taipei,$$$,臺灣菜,位於溫泉酒店內，用餐空間開闊明亮，擁有整片落地玻璃，讓客人飽覽青翠宜人的山景。餐廳於2022年迎來新主廚，帶來一系列創新而精美的臺式佳餚，如三杯虎掌南非鮑，鹹香濃郁，令人回味。客人可自選一壺臺灣茶飲。適合與親友規劃半日遊，先在飯店享受溫泉放鬆身心，再到此品嚐美食。,+886 2 2898 8888,https://guide.michelin.com/tw/zh_TW/taipei-region/taipei/restaurant/chinese-cuisine
Clover,信義區松仁路28號4樓 (寶麗廣場),Taipei,$$$$,時尚法國菜,法籍廚師Jean-François Piège的首家海外餐廳，菜單集結旗下四間餐廳的經典美食，並選用臺灣食材烹調，供應單點菜色與季節套餐。其中培根蛋奶野生烏賊以烏賊薄片取代義大利麵，配上絲滑濃稠的蛋奶醬汁，口感豐富。南瓜燉煮波士頓龍蝦以整顆南瓜呈現，也十分出色。挑高的用餐空間被落地窗環繞，呈現典雅的現代風格。,+886 2 8729 2788,https://guide.michelin.com/tw/zh_TW/taipei-region/taipei/restaurant/clover
王家燻羊肉,龍崎區烏樹林34號,Tainan,$$,臺灣菜,餐廳以木材構築，依山而建，可一覽翠綠的山野景色，更經常傳來陣陣稻穀煙燻的香氣。招牌煙燻羊肉採用自家飼養的野山羊，連同米酒與各式中藥材置於土甕窯煙燻一天一夜而成，湯色醇黑，溫潤味甘。各式野菜菜餚及炒山豬肉同樣滋味。惟餐室為半開放式空間，故蚊蟲較多。周末到訪建議提前訂位。,+886 6 594 1393,https://guide.michelin.com/tw/zh_TW/tainan-region/tainan/restaurant/wang-jia-smoked-lamb
博仁堂,中西區西門路二段300巷27號,Tainan,$,臺灣菜,由百年中藥行轉型成為藥膳店，店內保留了老店的藥櫃、針炙銅人與掛畫，並將古舊匾額改造成餐桌，環境雅致。提供八款藥膳湯品，全都香氣撲鼻，滋味回甘。菜單更標示療效，讓客人依需求選擇。建議點選套餐，一試其麻油麵線和甜點冰糖百合銀耳：前者採用安定出產的麻油，香氣四溢；後者則滋味清爽，皆值得品嚐。,+886 6 222 6473,https://guide.michelin.com/tw/zh_TW/tainan-region/tainan/restaurant/po-jen-tang
菜粽李,苓雅區成功一路159號,Kaohsiung,$,小吃,雖然已在高雄飄香一甲子，店面環境卻依然保持整潔明亮。招牌菜粽每天手工現包，糯米軟糯可口，花生則顆粒飽滿，配上自製的醬料、辣椒醬與花生粉同吃，用料簡單卻滋味無窮。亦推薦搭配樸實味美的海帶味噌湯享用。店家亦販售冷藏菜粽供客人帶回家自煮，如遇節慶宜提前預訂。,+886 7 331 3086,https://guide.michelin.com/tw/zh_TW/kaohsiung-region/kaohsiung/restaurant/caizong-li
杭州小籠湯包 (大安),大安區杭州南路二段17及19號,Taipei,$$,點心,老闆黃氏兄弟與楊主廚師承上海師傅，主張販售樸實且真材實料的小籠包。招牌小籠湯包包皮僅以麵粉及水所做，不含添加物，每天現擀，並以新鮮豬後腿肉作餡，皮薄多汁而不油膩。豆沙鍋餅餅皮帶芝麻與餅皮酥香，內餡混合兩種豆沙，入口絲滑，也值得一試。餐廳採自助式服務，價格親民。,+886 2 2393 1757,https://guide.michelin.com/tw/zh_TW/taipei-region/taipei/restaurant/hang-zhou-xiao-long-bao-da-an
辰園,中正區忠孝東路一段12號B1 (喜來登大飯店),Taipei,$$$,粵菜,選址地下一樓無減餐廳的吸引力，深棕色木屏風配以同色系的牆身，拼合出帶中國色彩的餐室，傳統中不失時尚，寬敞的環境加上舒適的靠背椅更適合宴客和商務聚餐。菜色由多位擅長廣東菜的廚師負責，叫好之作眾多，包括須預訂的脆皮先知鴨、限量供應的廣式片皮鴨、脆皮叉燒和金瑤炒龍筋，難怪總是座無虛席。,+886 2 2321 1818,https://guide.michelin.com/tw/zh_TW/taipei-region/taipei/restaurant/the-dragon
桌藏,大安區和平東路二段76巷23弄9號,Taipei,$$$,創新菜,入口處流水潺潺，小徑上鋪滿古董瓦片，進入這所有八十年歷史的日式建築，木製橫樑和懸垂燈飾營造出新舊對比強烈的特別氛圍。廚師以大量在地食材將臺式元素糅合法式料理中，拼湊出味道、口感皆非比尋常的菜色。午餐和晚餐分別提供五或七道菜的套餐，服務團隊默契十足。,+886 2 2377 0952,https://guide.michelin.com/tw/zh_TW/taipei-region/taipei/restaurant/toh-a
阿輝黑輪,南區大林路121號,Tainan,$,小吃,小店走過近五十個年頭，一開始以三輪車沿街販售，其後搬遷至現址的鐵皮屋。各式小吃價格實惠，深受本地人及遊客歡迎，特別是炸黑輪和關東煮的黑輪，均是到訪者必點之選。此外，大腸包小腸值得一試，糯米腸軟糯可口、帶花生香，包覆的小香腸肥而不膩、充滿肉香。每到下午時刻，店內總是人潮洶湧。,+886 921 216 792,https://guide.michelin.com/tw/zh_TW/tainan-region/tainan/restaurant/a-hai-tawianese-oden
Hara Peko,中西區永福路二段81巷13號,Tainan,$$$,現代菜,置身洋溢藝術氣息的蝸牛巷，餐廳佈置簡約且溫馨，設有環繞開放式廚房的板前座位。主廚具法餐經驗，加上曾赴日本歷練，菜色融合濃厚的法式和風元素。每月更替的單一菜單中，包含兩至三種主餐肉品供選擇，客人須於預約時選定。為配合餐點風格，酒單以日本九州的清酒為主，亦可自攜酒水，僅收取開瓶費。,+886 6 289 3765,https://guide.michelin.com/tw/zh_TW/tainan-region/tainan/restaurant/hara-peko
川畝園,大同區承德路二段120號,Taipei,$$,點心,雖然坐落在巷弄之中，卻無阻在周邊上班或購物的人士前來大快朵頤，每到用餐時刻總是大排長龍。店面空間較小，廚房位於入口處，透過玻璃窗會看見師傅忙碌地製作刀削麵、點心等美食。其中，以刀削麵拌炒的木須炒麵，是必吃的熱門菜色。牛肉捲餅和豆沙鍋餅的餅皮煎至金黃酥脆，同樣深受歡迎。,+886 2 2556 3800,https://guide.michelin.com/tw/zh_TW/taipei-region/taipei/restaurant/chuan-mu-yuan
教父牛排,中山區樂群三路58號,Taipei,$$$$,牛排屋,雖經營者牛排教父的身影已不復見，但在集團十年的年輕主廚仍遵循他的步伐，製作一系列價格實惠的套餐。除了頂級美國濕式熟成牛肉、日本及澳洲和牛外，亦推出自家熟成十四天以上的美國乾式熟成牛肉。肉品皆以荔枝木烹調，帶有獨特香氣，火候和時間掌握得宜，特別推薦軟嫩多汁的老饕牛排。設有包廂，適合宴請聚會。,+886 2 8501 1838,https://guide.michelin.com/tw/zh_TW/taipei-region/taipei/restaurant/danny-s-steakhouse
帝一鐤,東區東門路二段161巷1號,Tainan,$$$,海鮮,坐落於1960年代的老宅中，柚木大門、檜木窗框及大理石地板帶有懷舊氣息，用餐環境溫馨舒適。提供三種不同價位的無菜單料理，均包含七道菜，並以臺式海鮮為主角。除了龍蝦和螃蟹，如欲品嚐日本鱈場蟹等更高級的食材，建議於預約時提出，店家便會另作安排。僅提供啤酒，但歡迎自行帶酒前往。必須訂座。,+886 6 275 0011,https://guide.michelin.com/tw/zh_TW/tainan-region/tainan/restaurant/di-yi-ding
阿興虱目魚,北區文賢路311號,Tainan,$,小吃,小店雖沒有奪目的招牌和裝潢，不過單憑每天新鮮現宰的虱目魚，加上親切友善的服務人員，已吸引了大量支持者。酥香的煎魚肚和虱目魚魚腸均深受歡迎，後者經常早早售罄，建議預留或在開店之時到店品嚐。叫老饕為之著迷的還有蒜頭飯，當中的蒜末用豬油炸香，風味非凡。逢農曆初一、十四、十五及三十公休。,+886 6 350 4623,https://guide.michelin.com/tw/zh_TW/tainan-region/tainan/restaurant/a-xing-shi-mu-yu
尚好吃牛肉湯,北區北安路一段6號,Tainan,$,小吃,以「真好吃」的臺語諧音為名，店內餐點往往十一點前便售罄，可謂店如其名，建議盡早到訪。招牌牛肉清湯僅以牛骨熬製，呈透亮淺琥珀色，搭配肉質軟嫩的手切臺南牛肉，十分美味。建議點上一碗肉燥飯和熱炒牛肉料理同享。前者的肉燥以豬皮丁、花生燉煮而成，滋味可口，不容錯過。,+886 6 281 2794,https://guide.michelin.com/tw/zh_TW/tainan-region/tainan/restaurant/shang-hao-chih-beef-soup
Tutto Bello,中山區雙城街25巷15號,Taipei,$$$$,時尚義大利菜,來自香港的主廚兼老闆移居臺灣逾三十年，具天賦的他以上乘的材料和恰到好處的烹調技巧，將經典義大利菜色演化為外表精緻又時尚的菜餚，推薦檸檬辣椒烘菌菇、煎干貝和手工義大利麵條等。團隊致力令每個環節都完美無瑕，酒單羅列不少法國和義國名釀，所選用的酒杯款式多樣，盡顯心思。,+886 2 2592 3355,https://guide.michelin.com/tw/zh_TW/taipei-region/taipei/restaurant/tutto-bello
Mume,大安區四維路28號,Taipei,$$$,時尚歐陸菜,名稱在拉丁文解作梅花，像在呼應著餐盤上林林總總的花卉和香草。主廚精於北歐烹調技巧，單一價格套餐融合了在地時令食材，並以各式花草與香草油點綴，每道菜色都宛若圖畫。餐廳門面低調而富型格，店內雖然燈光暗淡，用餐氣氛卻輕鬆友善。不妨搭配一杯帶有臺灣風味的雞尾酒佐餐。,+886 2 2700 0901,https://guide.michelin.com/tw/zh_TW/taipei-region/taipei/restaurant/mume
N°168 Prime牛排館 (中山）,中山區敬業四路168號4樓 (維多麗亞酒店),Taipei,$$$$,牛排屋,室內裝潢以寶藍色為主調，投射在地板上的168字樣與橡木堆起的牆面相映成趣。餐廳提供美國牛、澳洲9+和牛和日本A5宮崎和牛，每件均使用夢幻橡木烤箱烘烤，帶著淡淡炭火香氣，十分可口。推薦美國神戶肋眼牛排及澳洲9+和牛肋眼牛排。店內輕快的音樂營造輕鬆氣氛；服務團隊友善而周到。,+886 2 6602 5678,https://guide.michelin.com/tw/zh_TW/taipei-region/taipei/restaurant/n°168-prime-steakhouse-zhongshan
在來,西區向上路一段231號,Taichung,$,小吃,這家文青風格的小店創於2023年，名字靈感取自碗粿的靈魂「在來米」，也有期盼客人再來之意。店家是嘉義碗粿老店的後代，手藝歷經三代傳承。其碗粿以每日研磨的米漿蒸製，以冷食供餐，突顯粿體的彈性和米香，並提供辣炒蘿蔔乾和蒜汁佐吃。另有甜點黑糖碗粿，不妨加入牛奶球，嚐嚐新舊融合的滋味。,+886 989 229 522,https://guide.michelin.com/tw/zh_TW/taichung-region/taichung/restaurant/zai-lai
叁酒弍沏,大安區忠孝東路四段101巷14號,Taipei,$$,臺灣菜,店名意旨「餐酒饗宴」，菜色講究多元與創新。主廚具備臺菜經歷，亦曾於海外工作，擅長以各國食材和料理技法，重新詮釋傳統臺菜。調酒師會按顧客的口味，推薦調酒飲料，為用餐體驗錦上添花。餐廳樓高兩層，均採用半開放式包廂設計，適合商務宴請或親朋聚會。,+886 2 2731 0137,https://guide.michelin.com/tw/zh_TW/taipei-region/taipei/restaurant/3927
